t,Cb,dCbdt,R,alpha
0.0,0.0,10.123450129389832,10.123450129389832,0.01331043061678269
0.1,1.0123450129389833,18.360218887991568,18.360218887991568,0.013291038999759338
0.2,3.6720437775983146,32.45726934666699,32.45726934666699,0.01324408102195855
0.30000000000000004,7.503798882272383,42.29666727682512,42.29666727682512,0.01320281810183212
0.4,12.131377232963338,48.77811780723481,48.77811780723481,0.013172322963769592
0.5,17.25942244371934,52.63504788838186,52.63504788838186,0.013153021248776656
0.6000000000000001,22.658386810639712,54.463237421904935,54.463237421904935,0.013143584107456176
0.7000000000000001,28.15206992810033,54.74473186511925,54.74473186511925,0.01314211490562522
0.8,33.607333183663556,53.867791079835285,53.867791079835285,0.013146677799065682
0.9,38.92562814406739,52.14351082108317,52.14351082108317,0.013155527334788576
1.0,44.03603534788019,49.81965408059918,49.81965408059918,0.01316719329213296
1.1,48.88955896018722,47.09214397326821,47.09214397326821,0.01318049439486975
1.2000000000000002,53.45446414253384,44.114598968569965,44.114598968569965,0.01319451814387774
1.3,57.7124787539012,41.00623080702235,41.00623080702235,0.01320858621161246
1.4000000000000001,61.655710303938314,37.85837459910027,37.85837459910027,0.01322221563471899
1.5,65.28415367372124,34.739877247327115,34.739877247327115,0.013235081097042314
1.6,68.60368575340374,31.70153418328482,31.70153418328482,0.013246980865517767
1.7000000000000002,71.6244605103782,28.779733948476633,28.779733948476633,0.013257807415617183
1.8,74.35963254309905,25.999444197720663,25.999444197720663,0.01326752293611405
1.9000000000000001,76.82434934992234,23.376650946197856,23.376650946197856,0.013276139447811834
2.0,79.03496273233861,20.920344706864853,20.920344706864853,0.013283703046731233
2.1,81.00841829129533,18.63413186422065,18.63413186422065,0.013290281695367029
2.2,82.76178910518274,16.51753650317778,16.51753650317778,0.013295955979297256
2.3000000000000003,84.31192559193089,14.567047202829258,14.567047202829258,0.013300812283136211
2.4000000000000004,85.6751985457486,12.776954135411529,12.776954135411529,0.013304937899333381
2.5,86.8673164190132,11.1400142394466,11.1400142394466,0.01330841765083463
2.6,87.9032013936379,9.647975816745316,9.647975816745316,0.013311331676503765
2.7,88.79691158236227,8.291988487193237,8.291988487193237,0.013313754091501248
2.8000000000000003,89.56159909107654,7.062920074228032,7.062920074228032,0.013315752290732202
2.9000000000000004,90.20949559720788,5.951598149550819,5.951598149550819,0.013317386711880657
3.0,90.75191872098672,4.948990922814062,4.948990922814062,0.013318710914442549
3.1,91.19929378177066,4.046339517978652,4.046339517978652,0.013319771863374729
3.2,91.56118662458246,3.23525154483292,3.23525154483292,0.01332061033014398
3.3000000000000003,91.84634409073725,2.5077640573694,2.5077640573694,0.01332126133925583
3.4000000000000004,92.06273943605633,1.8563825184144207,1.8563825184144207,0.013321754589995436
3.5,92.21762059442014,1.2741011424523663,1.2741011424523663,0.01332211475341861
3.6,92.31755966454679,0.7544089722596254,0.7544089722596254,0.013322361403950454
3.7,92.36850238887206,0.291285205203053,0.291285205203053,0.013322507556190381
3.8000000000000003,92.3758167055874,-0.12081341122802769,0.0,0.013322547955592344
3.9000000000000004,92.34433970662646,-0.48697086388972366,0.0,0.013322547955592344
4.0,92.27842253280946,-0.811834054717167,0.0,0.013322547955592344
4.1000000000000005,92.18197289568302,-1.099637472974905,0.0,0.013322547955592344
4.2,92.05849503821447,-1.3542292677596492,0.0,0.013322547955592344
4.3,91.9111270421311,-1.579097879079029,0.0,0.013322547955592344
4.4,91.74267546239867,-1.7773985903573362,0.0,0.013322547955592344
4.5,91.55564732405963,-1.951979528060349,0.0,0.013322547955592344
4.6000000000000005,91.3522795567866,-2.1054067654651476,0.0,0.013322547955592344
4.7,91.1345659709666,-2.239988291341433,0.0,0.013322547955592344
4.800000000000001,90.9042818985183,-2.3577966861108166,0.0,0.013322547955592344
4.9,90.66300663374444,-2.460690412244219,0.0,0.013322547955592344
5.0,90.41214381606946,-2.5503336751386314,0.0,0.013322547955592344
5.1000000000000005,90.15293989871672,-2.628214848460516,0.0,0.013322547955592344
5.2,89.88650084637736,-2.695663486107378,0.0,0.013322547955592344
5.300000000000001,89.61380720149525,-2.7538659636422835,0.0,0.013322547955592344
5.4,89.3357276536489,-2.8038798066766617,0.0,0.013322547955592344
5.5,89.05303124015992,-2.8466467734695016,0.0,0.013322547955592344
5.6000000000000005,88.76639829895501,-2.8830047650660617,0.0,0.013322547955592344
5.7,88.47643028714671,-2.9136986395081976,0.0,0.013322547955592344
5.800000000000001,88.18365857105337,-2.9393900075567103,0.0,0.013322547955592344
5.9,87.88855228563537,-2.960666086665128,0.0,0.013322547955592344
6.0,87.59152535372034,-2.9780476878650575,0.0,0.013322547955592344
6.1000000000000005,87.29294274806236,-2.9919964074067025,0.0,0.013322547955592344
6.2,86.993126072239,-3.0029210917061278,0.0,0.013322547955592344
6.300000000000001,86.69235852972113,-3.0111836398746163,0.0,0.013322547955592344
6.4,86.39088934426407,-3.017104204444024,0.0,0.013322547955592344
6.5,86.08893768883233,-3.0209658465078064,0.0,0.013322547955592344
6.6000000000000005,85.7866961749625,-3.0230186972840443,0.0,0.013322547955592344
6.7,85.48433394937553,-3.023483674387137,0.0,0.013322547955592344
6.800000000000001,85.18199944008506,-3.0225557966235783,0.0,0.013322547955592344
6.9,84.87982279005081,-3.020407137909899,0.0,0.013322547955592344
7.0,84.57791801250309,-3.0171894570557356,0.0,0.013322547955592344
7.1000000000000005,84.27638489863966,-3.013036536832658,0.0,0.013322547955592344
7.2,83.97531070513656,-3.0080662628408277,0.0,0.013322547955592344
7.300000000000001,83.67477164607149,-3.0023824695407484,0.0,0.013322547955592344
7.4,83.37483421122842,-2.9960765783879424,0.0,0.013322547955592344
7.5,83.07555633039391,-2.9892290504056973,0.0,0.013322547955592344
7.6000000000000005,82.77698840114728,-2.9819106733620515,0.0,0.013322547955592344
7.7,82.4791741957215,-2.9741837016673003,0.0,0.013322547955592344
7.800000000000001,82.18215166081382,-2.9661028652081995,0.0,0.013322547955592344
7.9,81.88595362267985,-2.95771626169676,0.0,0.013322547955592344
8.0,81.59060840847447,-2.9490661455282634,0.0,0.013322547955592344
8.1,81.2961403935742,-2.940189624797597,0.0,0.013322547955592344
8.200000000000001,81.00257048351494,-2.9311192768524847,0.0,0.013322547955592344
8.3,80.7099165382037,-2.921883691641142,0.0,0.013322547955592344
8.4,80.41819374518671,-2.912507951109376,0.0,0.013322547955592344
8.5,80.12741494798182,-2.903014051982325,0.0,0.013322547955592344
8.6,79.83759093479026,-2.893421278463677,0.0,0.013322547955592344
8.700000000000001,79.54873069228908,-2.88374653063903,0.0,0.013322547955592344
8.8,79.26084162866245,-2.8740046137894524,0.0,0.013322547955592344
8.9,78.9739297695312,-2.864208493089052,0.0,0.013322547955592344
9.0,78.68799993004464,-2.8543695177441464,0.0,0.013322547955592344
9.1,78.40305586598237,-2.8444976182939854,0.0,0.013322547955592344
9.200000000000001,78.11910040638584,-2.8346014801550723,0.0,0.013322547955592344
9.3,77.83613556995135,-2.824688696191913,0.0,0.013322547955592344
9.4,77.55416266714747,-2.814765900809391,0.0,0.013322547955592344
9.5,77.27318238978947,-2.8048388878004857,0.0,0.013322547955592344
9.600000000000001,76.99319488958737,-2.7949127139265215,0.0,0.013322547955592344
9.700000000000001,76.71419984700417,-2.784991789760454,0.0,0.013322547955592344
9.8,76.43619653163528,-2.7750799595687,0.0,0.013322547955592344
9.9,76.15918385509043,-2.7651805715422597,0.0,0.013322547955592344
10.0,75.88316041732683,-2.755296539143785,0.0,0.013322547955592344
10.100000000000001,75.60812454726168,-2.7454303950830763,0.0,0.013322547955592344
10.200000000000001,75.33407433831022,-2.7355843387250616,0.0,0.013322547955592344
10.3,75.06100767951666,-2.725760277547977,0.0,0.013322547955592344
10.4,74.78892228280063,-2.7159598635440716,0.0,0.013322547955592344
10.5,74.51781570680785,-2.7061845251524232,0.0,0.013322547955592344
10.600000000000001,74.24768537777014,-2.696435495214473,0.0,0.013322547955592344
10.700000000000001,73.97852860776496,-2.686713835432215,0.0,0.013322547955592344
10.8,73.7103426106837,-2.6770204578660923,0.0,0.013322547955592344
10.9,73.44312451619174,-2.6673561437388003,0.0,0.013322547955592344
11.0,73.17687138193594,-2.657721559877757,0.0,0.013322547955592344
11.100000000000001,72.91158020421618,-2.6481172731465676,0.0,0.013322547955592344
11.200000000000001,72.64724792730662,-2.6385437629660373,0.0,0.013322547955592344
11.3,72.38387145162298,-2.6290014324769118,0.0,0.013322547955592344
11.4,72.12144764081124,-2.6194906182137743,0.0,0.013322547955592344
11.5,71.85997332798023,-2.6100115985622665,0.0,0.013322547955592344
11.600000000000001,71.59944532109878,-2.6005646010070222,0.0,0.013322547955592344
11.700000000000001,71.33986040777883,-2.591149808619832,0.0,0.013322547955592344
11.8,71.08121535937482,-2.5817673659070692,0.0,0.013322547955592344
11.9,70.82350693459742,-2.5724173835714623,0.0,0.013322547955592344
12.0,70.56673188266053,-2.563099942939175,0.0,0.013322547955592344
12.100000000000001,70.31088694600957,-2.553815099697033,0.0,0.013322547955592344
12.200000000000001,70.05596886272113,-2.5445628871931945,0.0,0.013322547955592344
12.3,69.80197436857094,-2.5353433194467243,0.0,0.013322547955592344
12.4,69.54890019883179,-2.5261563934259357,0.0,0.013322547955592344
12.5,69.29674308988575,-2.5170020913122357,0.0,0.013322547955592344
12.600000000000001,69.04549978056933,-2.507880382676717,0.0,0.013322547955592344
12.700000000000001,68.79516701335041,-2.498791225916648,0.0,0.013322547955592344
12.8,68.545741535386,-2.4897345697733613,0.0,0.013322547955592344
12.9,68.29722009939573,-2.4807103546498865,0.0,0.013322547955592344
13.0,68.04959946445602,-2.4717185136572084,0.0,0.013322547955592344
13.100000000000001,67.80287639666427,-2.462758973738744,0.0,0.013322547955592344
13.200000000000001,67.55704766970828,-2.4538316563625813,0.0,0.013322547955592344
13.3,67.31211006539175,-2.4449364782865928,0.0,0.013322547955592344
13.4,67.06806037405097,-2.436073352394544,0.0,0.013322547955592344
13.5,66.82489539491284,-2.4272421881681225,0.0,0.013322547955592344
13.600000000000001,66.58261193641735,-2.4184428918387653,0.0,0.013322547955592344
13.700000000000001,66.34120681654508,-2.4096753671885267,0.0,0.013322547955592344
13.8,66.10067686297964,-2.4009395160135227,0.0,0.013322547955592344
13.9,65.86101891334238,-2.3922352382088548,0.0,0.013322547955592344
14.0,65.62222981533787,-2.3835624322398985,0.0,0.013322547955592344
14.100000000000001,65.3843064268944,-2.37492099521603,0.0,0.013322547955592344
14.200000000000001,65.14724561629465,-2.3663108231025944,0.0,0.013322547955592344
14.3,64.91104426227388,-2.3577318110276906,0.0,0.013322547955592344
14.4,64.67569925408912,-2.349183853424563,0.0,0.013322547955592344
14.5,64.44120749158897,-2.3406668441978127,0.0,0.013322547955592344
14.600000000000001,64.20756588524956,-2.3321806767037856,0.0,0.013322547955592344
14.700000000000001,63.97477135624821,-2.3237252438657947,0.0,0.013322547955592344
14.8,63.742820836476405,-2.3153004386849716,0.0,0.013322547955592344
14.9,63.51171126851121,-2.3069061538391225,0.0,0.013322547955592344
15.0,63.28143960570858,-2.298542281865025,0.0,0.013322547955592344
15.100000000000001,63.0520028121382,-2.290208715335723,0.0,0.013322547955592344
15.200000000000001,62.82339786264142,-2.2819053467587764,0.0,0.013322547955592344
15.3,62.59562174278645,-2.2736320688193814,0.0,0.013322547955592344
15.4,62.368671448877556,-2.2653887742191046,0.0,0.013322547955592344
15.5,62.142543987942624,-2.257175355915251,0.0,0.013322547955592344
15.600000000000001,61.91723637769451,-2.248991707011612,0.0,0.013322547955592344
15.700000000000001,61.692745646540295,-2.240837720748175,0.0,0.013322547955592344
15.8,61.46906883354487,-2.2327132906854104,0.0,0.013322547955592344
15.9,61.24620298840322,-2.224618310675851,0.0,0.013322547955592344
16.0,61.02414517140971,-2.2165526747237436,0.0,0.013322547955592344
16.1,60.80289245345847,-2.2085162768627242,0.0,0.013322547955592344
16.2,60.58244191603717,-2.2005090119615716,0.0,0.013322547955592344
16.3,60.36279065106615,-2.1925307751774312,0.0,0.013322547955592344
16.400000000000002,60.14393576100168,-2.184581461064397,0.0,0.013322547955592344
16.5,59.92587435885327,-2.176660965441954,0.0,0.013322547955592344
16.6,59.70860356791328,-2.168769184681935,0.0,0.013322547955592344
16.7,59.49212052191688,-2.160906014167608,0.0,0.013322547955592344
16.8,59.27642236507976,-2.153071350676271,0.0,0.013322547955592344
16.900000000000002,59.061506251781616,-2.1452650916731386,0.0,0.013322547955592344
17.0,58.847369346745126,-2.137487133511115,0.0,0.013322547955592344
17.1,58.63400882507939,-2.1297373740256376,0.0,0.013322547955592344
17.2,58.42142187194,-2.122015711795882,0.0,0.013322547955592344
17.3,58.209605682720216,-2.114322044204698,0.0,0.013322547955592344
17.400000000000002,57.99855746309905,-2.1066562701037697,0.0,0.013322547955592344
17.5,57.78827442869947,-2.0990182891018776,0.0,0.013322547955592344
17.6,57.57875380527867,-2.0914079996216515,0.0,0.013322547955592344
17.7,57.36999282877514,-2.0838253015839427,0.0,0.013322547955592344
17.8,57.16198874496189,-2.0762700956709637,0.0,0.013322547955592344
17.900000000000002,56.954738809640936,-2.0687422813549574,0.0,0.013322547955592344
18.0,56.7482402886909,-2.061241759625773,0.0,0.013322547955592344
18.1,56.54249045771578,-2.053768432243487,0.0,0.013322547955592344
18.2,56.3374866022422,-2.046322199738995,0.0,0.013322547955592344
18.3,56.13322601776798,-2.0389029641542606,0.0,0.013322547955592344
18.400000000000002,55.92970600941135,-2.0315106282999977,0.0,0.013322547955592344
18.5,55.72692389210799,-2.02414509376257,0.0,0.013322547955592344
18.6,55.52487699065884,-2.0168062636384434,0.0,0.013322547955592344
18.7,55.323562639380306,-2.0094940417873204,0.0,0.013322547955592344
18.8,55.12297818230137,-2.002208330845633,0.0,0.013322547955592344
18.900000000000002,54.92312097321117,-1.9949490349566759,0.0,0.013322547955592344
19.0,54.723988375310036,-1.9877160590225458,0.0,0.013322547955592344
19.1,54.525577761406666,-1.9805093067228654,0.0,0.013322547955592344
19.200000000000003,54.32788651396546,-1.9733286832366161,0.0,0.013322547955592344
19.3,54.13091202475934,-1.9661740944945336,0.0,0.013322547955592344
19.400000000000002,53.93465169506656,-1.9590454452101653,0.0,0.013322547955592344
19.5,53.739102935717305,-1.9519426415902785,0.0,0.013322547955592344
19.6,53.5442631667485,-1.9448655905848113,0.0,0.013322547955592344
19.700000000000003,53.35012981760033,-1.9378141979324255,0.0,0.013322547955592344
19.8,53.156700327162014,-1.9307883708569875,0.0,0.013322547955592344
19.900000000000002,52.96397214342894,-1.9237880173176904,0.0,0.013322547955592344
20.0,52.77194272369847,-1.9168130440685331,0.0,0.013322547955592344
20.1,52.580609534615235,-1.909863359340136,0.0,0.013322547955592344
20.200000000000003,52.38997005183044,-1.9029388720898623,0.0,0.013322547955592344
20.3,52.20002176019725,-1.8960394903421616,0.0,0.013322547955592344
20.400000000000002,52.01076215376201,-1.8891651261938023,0.0,0.013322547955592344
20.5,51.82218873495849,-1.8823156907274665,0.0,0.013322547955592344
20.6,51.63429901561651,-1.8754910899782544,0.0,0.013322547955592344
20.700000000000003,51.44709051696283,-1.8686912311856645,0.0,0.013322547955592344
20.8,51.26056076937939,-1.8619160227976295,0.0,0.013322547955592344
20.900000000000002,51.07470731240331,-1.855165373262281,0.0,0.013322547955592344
21.0,50.88952769472694,-1.848439191107417,0.0,0.013322547955592344
21.1,50.70501947418183,-1.8417373922456193,0.0,0.013322547955592344
21.200000000000003,50.521180216277806,-1.8350599040050781,0.0,0.013322547955592344
21.3,50.33800749338082,-1.828406637323809,0.0,0.013322547955592344
21.400000000000002,50.15549888881305,-1.8217774921831165,0.0,0.013322547955592344
21.5,49.9736519949442,-1.8151723786383513,0.0,0.013322547955592344
21.6,49.792464413085376,-1.8085912072754695,0.0,0.013322547955592344
21.700000000000003,49.6119337534891,-1.8020338886801426,0.0,0.013322547955592344
21.8,49.43205763534935,-1.795500334795804,0.0,0.013322547955592344
21.900000000000002,49.25283368652994,-1.788990475201075,0.0,0.013322547955592344
22.0,49.074259540309136,-1.7825042342800828,0.0,0.013322547955592344
22.1,48.896332839673924,-1.7760415148268578,0.0,0.013322547955592344
22.200000000000003,48.71905123734376,-1.7696022246750829,0.0,0.013322547955592344
22.3,48.54241239473891,-1.7631862768167537,0.0,0.013322547955592344
22.400000000000002,48.366413981980415,-1.7567935842438942,0.0,0.013322547955592344
22.5,48.19105367789013,-1.7504240599968455,0.0,0.013322547955592344
22.6,48.01632916998105,-1.744077624874734,0.0,0.013322547955592344
22.700000000000003,47.84223815291518,-1.7377542128822654,0.0,0.013322547955592344
22.8,47.668778327404596,-1.7314537400436052,0.0,0.013322547955592344
22.900000000000002,47.49594740490646,-1.7251761097608096,0.0,0.013322547955592344
23.0,47.32374310545244,-1.7189212368278106,0.0,0.013322547955592344
23.1,47.1521631575409,-1.7126890365770748,0.0,0.013322547955592344
23.200000000000003,46.98120529813701,-1.7064794243407846,0.0,0.013322547955592344
23.3,46.81086727267274,-1.7002922917061767,0.0,0.013322547955592344
23.400000000000002,46.64114683979578,-1.694127634597919,0.0,0.013322547955592344
23.5,46.47204174575316,-1.6879853625506769,0.0,0.013322547955592344
23.6,46.303549767285645,-1.6818653233893315,0.0,0.013322547955592344
23.700000000000003,46.13566868107529,-1.6757674754208267,0.0,0.013322547955592344
23.8,45.96839627220148,-1.669691734823516,0.0,0.013322547955592344
23.900000000000002,45.80173033411058,-1.663638018079297,0.0,0.013322547955592344
24.0,45.63566866858562,3.4041219383682915,3.4041219383682915,0.013320445198619297
24.1,46.482554721784275,16.708628643468586,16.708628643468586,0.013295460665440965
24.200000000000003,48.97739439727939,30.811667197217105,30.811667197217105,0.013250343480937333
24.3,52.644888161227634,40.65703163156573,40.65703163156573,0.013210129220172348
24.400000000000002,57.10880072359254,47.14442695228496,47.14442695228496,0.013180243473100952
24.5,62.07377355168457,51.00728019851533,51.00728019851533,0.013161269092993685
24.6,67.31025676329557,52.841371430250376,52.841371430250376,0.013151965348334849
24.700000000000003,72.6420478377348,53.128746139976215,53.128746139976215,0.013150490757899575
24.8,77.93600599129078,52.25766421424885,52.25766421424885,0.013154946516521947
24.900000000000002,83.09358068058452,50.53922171299894,50.53922171299894,0.013163613378970443
25.0,88.04385033389053,48.22118159702694,48.22118159702694,0.013175040450399897
25.1,92.73781699998987,45.49946699128151,45.49946699128151,0.013188061173346925
25.200000000000003,97.14374373214696,42.527696401169976,42.527696401169976,0.01320177453568238
25.3,101.24335628022385,39.425081718829745,39.425081718829745,0.013215511328320969
25.400000000000002,105.02876007591286,36.28295819126299,36.28295819126299,0.013228795902017811
25.5,108.49994791847642,33.17017273204317,33.17017273204317,0.013241308833803896
25.6,111.66279462232146,30.137520848597774,30.137520848597774,0.013252853133931932
25.700000000000003,114.52745208819607,27.221391174643486,27.221391174643486,0.013263325073300256
25.8,117.10707285725016,24.446751432166025,24.446751432166025,0.013272689844327836
25.900000000000002,119.41680237462924,21.829587681396333,21.829587681396333,0.013280961804386737
26.0,121.4729903935294,19.378890518725484,19.378890518725484,0.013288188821070754
26.1,123.2925804783743,17.098266416083106,17.098266416083106,0.013294440148679178
26.200000000000003,124.89264367674606,14.987239540128826,14.987239540128826,0.013299797255924062
26.3,126.29002838640005,13.042298538421733,13.042298538421733,0.013304347060798605
26.400000000000002,127.50110338443038,11.25773365226405,11.25773365226405,0.013308177087015314
26.5,128.54157511685284,9.626301897991652,9.626301897991652,0.013311372123285198
26.6,129.4263637640287,8.1397516436964,8.1397516436964,0.013314012033644509
26.700000000000003,130.16952544559214,6.789232583904891,6.789232583904891,0.013316170428811459
26.8,130.78421028080967,5.565612613902999,5.565612613902999,0.013317913962387089
26.900000000000002,131.28264796837271,4.459719379345415,4.459719379345415,0.01331930205911542
27.0,131.67615415667876,3.462521160909205,3.462521160909205,0.013320386912032977
27.1,131.97515220055456,2.5652591542749406,2.5652591542749406,0.01332121359174026
27.200000000000003,132.18920598753377,1.7595410393834072,1.7595410393834072,0.013321820061385516
27.3,132.32706040843124,1.037403940842637,1.037403940842637,0.013322236639960822
27.400000000000002,132.39668677570228,0.39135339202732666,0.39135339202732666,0.013322483008736917
27.5,132.4053310868367,-0.18561632210503376,0.0,0.013322547955592344
27.6,132.35956351128127,-0.7000160884498428,0.0,0.013322547955592344
27.700000000000003,132.26532786914672,-1.1578666396833341,0.0,0.013322547955592344
27.8,132.1279901833446,-1.5647111587348945,0.0,0.013322547955592344
27.900000000000002,131.95238563739974,-1.925633563377687,0.0,0.013322547955592344
28.0,131.74286347066905,-2.245280686519777,0.0,0.013322547955592344
28.1,131.5033295000958,-2.5278869486891153,0.0,0.013322547955592344
28.200000000000003,131.23728608093123,-2.777300430309083,0.0,0.013322547955592344
28.3,130.94786941403396,-2.997009503053505,0.0,0.013322547955592344
28.400000000000002,130.63788418032053,-3.190169382250133,0.0,0.013322547955592344
28.5,130.30983553758392,-3.3596281265339485,0.0,0.013322547955592344
28.6,129.96595855501374,-3.507951741628517,0.0,0.013322547955592344
28.700000000000003,129.6082451892582,-3.6374481490094013,0.0,0.013322547955592344
28.8,129.23846892521186,-3.7501898620191696,0.0,0.013322547955592344
28.900000000000002,128.8582072168544,-3.8480352762592247,0.0,0.013322547955592344
29.0,128.46886186996002,-3.9326485305219876,0.0,0.013322547955592344
29.1,128.07167751075002,-4.005517932114344,0.0,0.013322547955592344
29.200000000000003,127.66775828353713,-4.06797296881075,0.0,0.013322547955592344
29.3,127.25808291698787,-4.121199950295136,0.0,0.013322547955592344
29.400000000000002,126.8435182934781,-4.166256336546212,0.0,0.013322547955592344
29.5,126.42483164967864,-4.204083820419214,0.0,0.013322547955592344
29.6,126.00270152939427,-4.235520237790297,0.0,0.013322547955592344
29.700000000000003,125.57772760212058,-4.261310381766634,0.0,0.013322547955592344
29.8,125.15043945304095,-4.282115798417408,0.0,0.013322547955592344
29.900000000000002,124.7213044424371,-4.298523640752592,0.0,0.013322547955592344
30.0,124.29073472489044,-4.311054655556632,0.0,0.013322547955592344
30.1,123.85909351132577,-4.3201703750920615,0.0,0.013322547955592344
30.200000000000003,123.426700649872,-4.326279582016127,0.0,0.013322547955592344
30.3,122.99383759492257,-4.329744111901846,0.0,0.013322547955592344
30.400000000000002,122.56075182749166,-4.330884053997124,0.0,0.013322547955592344
30.5,122.12766078412315,-4.3299824063044525,0.0,0.013322547955592344
30.6,121.69475534623075,-4.327289237220725,0.0,0.013322547955592344
30.700000000000003,121.262202936679,-4.3230254017394145,0.0,0.013322547955592344
30.8,120.83015026588286,-4.317385856272153,0.0,0.013322547955592344
30.900000000000002,120.39872576542457,-4.310542612587369,0.0,0.013322547955592344
31.0,119.96804174336539,-4.30264736754782,0.0,0.013322547955592344
31.1,119.53819629191501,-4.293833842222625,0.0,0.013322547955592344
31.200000000000003,119.10927497492085,-4.284219860720782,0.0,0.013322547955592344
31.3,118.68135231977085,-4.273909196240311,0.0,0.013322547955592344
31.400000000000002,118.25449313567279,-4.26299320919577,0.0,0.013322547955592344
31.5,117.82875367793172,-4.251552299787022,0.0,0.013322547955592344
31.6,117.40418267571539,-4.239657195185032,0.0,0.013322547955592344
31.700000000000003,116.98082223889469,-4.2273700894176045,0.0,0.013322547955592344
31.8,116.55870865783187,-4.214745652211377,0.0,0.013322547955592344
31.900000000000002,116.13787310845241,-4.2018319213342465,0.0,0.013322547955592344
32.0,115.71834227356504,-4.188671091455035,0.0,0.013322547955592344
32.1,115.30013889016138,-4.1753002111611295,0.0,0.013322547955592344
32.2,114.8832822313328,-4.161751798504724,0.0,0.013322547955592344
32.300000000000004,114.46778853046042,-4.148054384355532,0.0,0.013322547955592344
32.4,114.05367135446168,-4.134232991795557,0.0,0.013322547955592344
32.5,113.64094193210133,-4.120309558898498,0.0,0.013322547955592344
32.6,113.22960944268198,-4.106303311424085,0.0,0.013322547955592344
32.7,112.8196812698165,-4.0922310912436615,0.0,0.013322547955592344
32.800000000000004,112.41116322443324,-4.078107645628279,0.0,0.013322547955592344
32.9,112.00405974069088,-4.063945881933591,0.0,0.013322547955592344
33.0,111.59837404804652,-4.049757091754259,0.0,0.013322547955592344
33.1,111.19410832234001,-4.035551148242121,0.0,0.013322547955592344
33.2,110.7912638183981,-4.021336679664728,0.0,0.013322547955592344
33.300000000000004,110.38984098640707,-4.007121221913849,0.0,0.013322547955592344
33.4,109.98983957401533,-3.9929113526175115,0.0,0.013322547955592344
33.5,109.5912587158836,-3.978712809032686,0.0,0.013322547955592344
33.6,109.19409701220879,-3.964530591550556,0.0,0.013322547955592344
33.7,108.79835259757346,-3.9503690545218433,0.0,0.013322547955592344
33.800000000000004,108.4040232013044,-3.9362319863489574,0.0,0.013322547955592344
33.9,108.0111062003037,-3.922122679503218,0.0,0.013322547955592344
34.0,107.61959866540377,-3.9080439918582215,0.0,0.013322547955592344
34.1,107.22949740193206,-3.89399840079318,0.0,0.013322547955592344
34.2,106.84079898524513,-3.8799880505259807,0.0,0.013322547955592344
34.300000000000004,106.45349979182684,-3.8660147936033127,0.0,0.013322547955592344
34.4,106.06759602652448,-3.8520802272828405,0.0,0.013322547955592344
34.5,105.68308374637029,-3.8381857254644274,0.0,0.013322547955592344
34.6,105.29995888143159,-3.824332466624355,0.0,0.013322547955592344
34.7,104.91821725304541,-3.810521458331664,0.0,0.013322547955592344
34.800000000000004,104.53785458976525,-3.7967535587071097,0.0,0.013322547955592344
34.9,104.158866541304,-3.7830294952070744,0.0,0.013322547955592344
35.0,103.78124869072384,-3.769349881088715,0.0,0.013322547955592344
35.1,103.40499656508625,-3.7557152298336405,0.0,0.013322547955592344
35.2,103.0301056447571,-3.7421259677552143,0.0,0.013322547955592344
35.300000000000004,102.6565713715352,-3.7285824450307246,0.0,0.013322547955592344
35.4,102.28438915575099,-3.7150849453738033,0.0,0.013322547955592344
35.5,101.91355438246045,-3.701633694491022,0.0,0.013322547955592344
35.6,101.54406241685277,-3.688228867471537,0.0,0.013322547955592344
35.7,101.17590860896613,-3.674870595277639,0.0,0.013322547955592344
35.800000000000004,100.80908829779723,-3.6615589702932425,0.0,0.013322547955592344
35.9,100.4435968149075,-3.6482940513876088,0.0,0.013322547955592344
36.0,100.07942948751972,-3.6350758682798414,0.0,0.013322547955592344
36.1,99.71658164125151,-3.6219044252289336,0.0,0.013322547955592344
36.2,99.35504860247391,-3.608779704361325,0.0,0.013322547955592344
36.300000000000004,98.99482570037924,-3.595701668480501,0.0,0.013322547955592344
36.4,98.63590826877783,-3.582670263608179,0.0,0.013322547955592344
36.5,98.27829164765761,-3.5696854213458664,0.0,0.013322547955592344
36.6,97.92197118450865,-3.5567470606694656,0.0,0.013322547955592344
36.7,97.56694223552371,-3.543855089597514,0.0,0.013322547955592344
36.800000000000004,97.21320016658913,-3.5310094067367004,0.0,0.013322547955592344
36.9,96.86074035417639,-3.5182099024553395,0.0,0.013322547955592344
37.0,96.50955818609808,-3.5054564601264815,0.0,0.013322547955592344
37.1,96.15964906215108,-3.4927489570158627,0.0,0.013322547955592344
37.2,95.8110083946949,-3.480087265148029,0.0,0.013322547955592344
37.300000000000004,95.46363160912146,-3.4674712520760522,0.0,0.013322547955592344
37.4,95.1175141442797,-3.4549007814642323,0.0,0.013322547955592344
37.5,94.77265145282863,-3.4423757138990254,0.0,0.013322547955592344
37.6,94.42903900149989,-3.4298959070965225,0.0,0.013322547955592344
37.7,94.08667227140931,-3.417461216119193,0.0,0.013322547955592344
37.800000000000004,93.74554675827603,-3.40507149438497,0.0,0.013322547955592344
37.9,93.40565797253234,-3.3927265935796527,0.0,0.013322547955592344
38.0,93.06700143956012,-3.3804263640803924,0.0,0.013322547955592344
38.1,92.72957269971626,-3.368170655216545,0.0,0.013322547955592344
38.2,92.3933673085168,-3.3559593152897946,0.0,0.013322547955592344
38.300000000000004,92.05838083665829,-3.343792191903617,0.0,0.013322547955592344
38.400000000000006,91.72460887013607,-3.331669132122329,0.0,0.013322547955592344
38.5,91.39204701023384,-3.3195899826670825,0.0,0.013322547955592344
38.6,91.06069087360267,-3.307554589973506,0.0,0.013322547955592344
38.7,90.73053609223913,-3.295562800217283,0.0,0.013322547955592344
38.800000000000004,90.4015783135592,-3.2836144594846246,0.0,0.013322547955592344
38.900000000000006,90.0738132003422,-3.2717094141243592,0.0,0.013322547955592344
39.0,89.74723643073435,-3.259847510348038,0.0,0.013322547955592344
39.1,89.42184369827261,-3.248028594561788,0.0,0.013322547955592344
39.2,89.09763071182198,-3.2362525133445956,0.0,0.013322547955592344
39.300000000000004,88.77459319560367,-3.22451911349458,0.0,0.013322547955592344
39.400000000000006,88.45272688912306,-3.212828242144269,0.0,0.013322547955592344
39.5,88.13202754717483,-3.20117974667221,0.0,0.013322547955592344
39.6,87.81249093978862,-3.189573474924771,0.0,0.013322547955592344
39.7,87.49411285218986,-3.178009274965632,0.0,0.013322547955592344
39.800000000000004,87.17688908479548,-3.166486995334026,0.0,0.013322547955592344
39.900000000000006,86.86081545312305,-3.1550064850623016,0.0,0.013322547955592344
40.0,86.54588778778303,-3.1435675935815084,0.0,0.013322547955592344
40.1,86.23210193440677,-3.1321701706143017,0.0,0.013322547955592344
40.2,85.91945375366016,-3.1208140660938852,0.0,0.013322547955592344
40.300000000000004,85.60793912118798,-3.1094991313004243,0.0,0.013322547955592344
40.400000000000006,85.29755392740007,-3.098225217460879,0.0,0.013322547955592344
40.5,84.98829407769581,-3.086992175210696,0.0,0.013322547955592344
40.6,84.68015549235795,-3.0757998576113437,0.0,0.013322547955592344
40.7,84.37313410617354,-3.0646481177255396,0.0,0.013322547955592344
40.800000000000004,84.06722586881284,-3.0535368073455516,0.0,0.013322547955592344
40.900000000000006,83.76242674470441,-3.042465781022429,0.0,0.013322547955592344
41.0,83.45873271260837,-3.031434893385722,0.0,0.013322547955592344
41.1,83.15613976602728,-3.0204439976640742,0.0,0.013322547955592344
41.2,82.85464391307555,-3.0094929499624072,0.0,0.013322547955592344
41.300000000000004,82.5542411760348,-2.998581606475966,0.0,0.013322547955592344
41.400000000000006,82.25492759178034,-2.987709821924284,0.0,0.013322547955592344
41.5,81.95669921164995,-2.976877453901011,0.0,0.013322547955592344
41.6,81.65955210100016,-2.9660843600974545,0.0,0.013322547955592344
41.7,81.36348233963045,-2.9553303967440456,0.0,0.013322547955592344
41.800000000000004,81.06848602165134,-2.9446154229642616,0.0,0.013322547955592344
41.900000000000006,80.77455925503759,-2.933939297974348,0.0,0.013322547955592344
42.0,80.48169816205649,-2.9233018795121666,0.0,0.013322547955592344
42.1,80.18989887913517,-2.9127030282256214,0.0,0.013322547955592344
42.2,79.89915755641135,-2.9021426048548165,0.0,0.013322547955592344
42.300000000000004,79.6094703581642,-2.8916204686452716,0.0,0.013322547955592344
42.400000000000006,79.32083346268229,-2.881136481742544,0.0,0.013322547955592344
42.5,79.03324306181571,-2.8706905063834256,0.0,0.013322547955592344
42.6,78.74669536140561,-2.86028240331558,0.0,0.013322547955592344
42.7,78.46118658115259,-2.8499120361769315,0.0,0.013322547955592344
42.800000000000004,78.17671295417023,-2.8395792686931145,0.0,0.013322547955592344
42.900000000000006,77.89327072741395,-2.829283963102455,0.0,0.013322547955592344
43.0,77.61085616154975,-2.8190259845227956,0.0,0.013322547955592344
43.1,77.32946553050941,-2.8088051981567332,0.0,0.013322547955592344
43.2,77.0490951219184,-2.7986214677204657,0.0,0.013322547955592344
43.300000000000004,76.7697412369653,-2.7884746597947583,0.0,0.013322547955592344
43.400000000000006,76.49140018995944,-2.778364641041719,0.0,0.013322547955592344
43.5,76.21406830875698,-2.7682912766422305,0.0,0.013322547955592344
43.6,75.93774193463099,-2.7582544346263944,0.0,0.013322547955592344
43.7,75.66241742183169,-2.748253983101506,0.0,0.013322547955592344
43.800000000000004,75.38809113801068,-2.7382897886992623,0.0,0.013322547955592344
43.900000000000006,75.11475946409183,-2.7283617208836404,0.0,0.013322547955592344
44.0,74.84241879383396,-2.7184696491934233,0.0,0.013322547955592344
44.1,74.57106553425315,-2.7086134415082483,0.0,0.013322547955592344
44.2,74.3006961055323,-2.6987929692583066,0.0,0.013322547955592344
44.300000000000004,74.03130694040148,-2.6890081030673514,0.0,0.013322547955592344
44.400000000000006,73.76289448491882,-2.6792587124380702,0.0,0.013322547955592344
44.5,73.49545519791387,-2.669544672094787,0.0,0.013322547955592344
44.6,73.22898555049987,-2.6598658542789053,0.0,0.013322547955592344
44.7,72.96348202705808,-2.650222127913196,0.0,0.013322547955592344
44.800000000000004,72.69894112491723,-2.6406133643280327,0.0,0.013322547955592344
44.900000000000006,72.43535935419247,-2.631039435940977,0.0,0.013322547955592344
45.0,72.17273323772903,-2.621500215732965,0.0,0.013322547955592344
45.1,71.91105931104589,-2.6119955773004904,0.0,0.013322547955592344
45.2,71.65033412226893,-2.6025253971281472,0.0,0.013322547955592344
45.300000000000004,71.39055423162026,-2.5930895537840684,0.0,0.013322547955592344
45.400000000000006,71.1317162115121,-2.5836879228282896,0.0,0.013322547955592344
45.5,70.87381664705461,-2.574320379316532,0.0,0.013322547955592344
45.6,70.6168521356488,-2.5649868006647694,0.0,0.013322547955592344
45.7,70.36081928692165,-2.5556870649330676,0.0,0.013322547955592344
45.800000000000004,70.10571472266219,-2.546421050821664,0.0,0.013322547955592344
45.900000000000006,69.85153507675732,-2.537188636445194,0.0,0.013322547955592344
46.0,69.59827699537315,-2.52798969297379,0.0,0.013322547955592344
46.1,69.34593713816257,-2.5188240957477888,0.0,0.013322547955592344
46.2,69.09451217622359,-2.5096917284438405,0.0,0.013322547955592344
46.300000000000004,68.8439987924738,-2.5005924719216637,0.0,0.013322547955592344
46.400000000000006,68.59439368183925,-2.4915262063328782,0.0,0.013322547955592344
46.5,68.34569355120722,-2.4824928123024392,0.0,0.013322547955592344
46.6,68.09789511937878,-2.4734921709185187,0.0,0.013322547955592344
46.7,67.85099511702352,-2.464524162879343,0.0,0.013322547955592344
46.800000000000004,67.6049902868029,-2.4555886685664063,0.0,0.013322547955592344
46.900000000000006,67.35987738331022,-2.446685570268528,0.0,0.013322547955592344
47.0,67.1156531727492,-2.4378147513413637,0.0,0.013322547955592344
47.1,66.87231443304195,-2.4289760948179264,0.0,0.013322547955592344
47.2,66.62985795378562,-2.420169484167616,0.0,0.013322547955592344
47.300000000000004,66.38828053620843,-2.4113948033009365,0.0,0.013322547955592344
47.400000000000006,66.14757899312542,-2.4026519365042986,0.0,0.013322547955592344
47.5,65.90775014890758,-2.3939407679196165,0.0,0.013322547955592344
47.6,65.6687908395415,-2.3852611823483585,0.0,0.013322547955592344
47.7,65.4306979124379,-2.3766130656413225,0.0,0.013322547955592344
47.800000000000004,65.19346822641323,-2.3679963038532037,0.0,0.013322547955592344
47.900000000000006,64.95709865166725,-2.359410783363728,0.0,0.013322547955592344
48.0,64.7215860697405,2.7108730839480586,2.7108730839480586,0.013321089750207389
48.1,65.49927326845693,16.017894534855827,16.017894534855827,0.01329723479199327
48.2,67.92516497671171,30.12343742798953,30.12343742798953,0.013252905212236417
48.300000000000004,71.52396075405493,39.97129712975379,39.97129712975379,0.013213136916706036
48.400000000000006,75.91942440266259,46.461178722466855,46.461178722466855,0.013183509968960758
48.5,80.81619649854807,50.326509204597926,50.326509204597926,0.013164674686018655
48.6,85.98472624358197,52.163068616215014,52.163068616215014,0.013155427874885883
48.7,91.24881022179122,52.45290275565611,52.45290275565611,0.013153951464436466
48.800000000000004,96.47530679471335,51.58427131724301,51.58427131724301,0.0131583623404301
48.900000000000006,101.56566448523996,49.868270180369734,49.868270180369734,0.013166952344962072
49.0,106.4489608307871,47.55266261306616,47.55266261306616,0.013178278746649386
49.1,111.07619700785297,44.83337177883038,44.83337177883038,0.013191181199653916
49.2,115.4156351865533,41.86401621831226,41.86401621831226,0.01320476353415317
49.300000000000004,119.44900025151554,38.763807656245035,38.763807656245035,0.013218360381221856
49.400000000000006,123.16839671780242,35.624081571757415,35.624081571757415,0.013231499165803564
49.5,126.57381656586689,32.51368508607459,32.51368508607459,0.013243862937378639
49.6,129.67113373501718,29.483413428359654,29.483413428359654,0.0132552566935636
49.7,132.4704992515389,26.56965530486832,26.56965530486832,0.013265578289245806
49.800000000000004,134.98506479599092,23.797378504839685,23.797378504839685,0.013274794164533971
49.900000000000006,137.22997495250692,21.182569104461095,21.182569104461095,0.013282919640450171
50.0,139.22157861688308,18.734217798948293,18.734217798948293,0.013290003306119626
50.1,140.9768185122965,16.45593106785418,16.45593106785418,0.013296114930497429
50.2,142.51276483045396,14.347233073070697,14.347233073070697,0.013301336318044307
50.300000000000004,143.84626512691068,12.404612512190283,12.404612512190283,0.013305754565765103
50.400000000000006,144.99368733289205,10.622359646247446,10.622359646247446,0.013309457236245518
50.5,145.97073705616012,8.99323153150624,8.99323153150624,0.013312529026561047
50.6,146.79233363919326,7.508976561358736,7.508976561358736,0.013315049580141463
50.7,147.4725323684319,6.160744467599784,6.160744467599784,0.013317092147782561
50.800000000000004,148.02448253271325,4.939403168554804,4.939403168554804,0.013318722854637019
50.900000000000006,148.46041300214287,3.8357803431470074,3.8357803431470074,0.013320000364462726
51.0,148.79163860134264,2.8408443019699234,2.8408443019699234,0.013320975740197631
51.1,149.02858186253684,1.9458362687563522,1.9458362687563522,0.01332169223872781
51.2,149.18080585509392,1.1423639566063457,1.1423639566063457,0.013322184467178933
51.300000000000004,149.25705465385812,0.42246451714743216,0.42246451714743216,0.013322474509909121
51.400000000000006,149.26529875852341,-0.22135648462028712,0.0,0.013322547955592344
51.5,149.21278335693407,-0.7961047352825972,0.0,0.013322547955592344
51.6,149.1060778114669,-1.308291092729064,0.0,0.013322547955592344
51.7,148.95112513838825,-1.7639362599412607,0.0,0.013322547955592344
51.800000000000004,148.75329055947864,-2.168583391077277,0.0,0.013322547955592344
51.900000000000006,148.5174084601728,-2.5273163747033323,0.0,0.013322547955592344
52.0,148.24782728453798,-2.8447820148894607,0.0,0.013322547955592344
52.1,147.9484520571949,-3.1252147031846107,0.0,0.013322547955592344
52.2,147.62278434390106,-3.3724624916044377,0.0,0.013322547955592344
52.300000000000004,147.27395955887403,-3.590013723146285,0.0,0.013322547955592344
52.400000000000006,146.9047815992718,-3.781023584674813,0.0,0.013322547955592344
52.5,146.51775484193908,-3.948340106459341,0.0,0.013322547955592344
52.6,146.11511357797994,-4.094529265913479,0.0,0.013322547955592344
52.7,145.69884898875637,-4.2218989563923515,0.0,0.013322547955592344
52.800000000000004,145.27073378670144,-4.332521663128659,0.0,0.013322547955592344
52.900000000000006,144.83234465613063,-4.4282557538106175,0.0,0.013322547955592344
53.0,144.38508263593934,-4.510765339377258,0.0,0.013322547955592344
53.1,143.9301915882552,-4.581538699374278,0.0,0.013322547955592344
53.2,143.46877489606447,-4.641905293926698,0.0,0.013322547955592344
53.300000000000004,143.00181052946985,-4.693051405163487,0.0,0.013322547955592344
53.400000000000006,142.53016461503177,-4.736034465610828,0.0,0.013322547955592344
53.5,142.0546036363477,-4.7717961407684015,0.0,0.013322547955592344
53.6,141.5758053868781,-4.801174239263787,0.0,0.013322547955592344
53.7,141.09436878849493,-4.824913527052331,0.0,0.013322547955592344
53.800000000000004,140.61082268146762,-4.843675523154047,0.0,0.013322547955592344
53.900000000000006,140.1256336838641,-4.858047353595339,0.0,0.013322547955592344
54.0,139.63921321074858,-4.868549738298611,0.0,0.013322547955592344
54.1,139.1519237362044,-4.875644182771339,0.0,0.013322547955592344
54.2,138.6640843741943,-4.879739443002222,0.0,0.013322547955592344
54.300000000000004,138.17597584760392,-4.881197328020448,0.0,0.013322547955592344
54.400000000000006,137.6878449085902,-4.880337900584323,0.0,0.013322547955592344
54.5,137.1999082674871,-4.877444132315873,0.0,0.013322547955592344
54.6,136.71235608212706,-4.872766065341125,0.0,0.013322547955592344
54.7,136.22535505441886,-4.866524528445893,0.0,0.013322547955592344
54.800000000000004,135.73905117643787,-4.85891445196296,0.0,0.013322547955592344
54.900000000000006,135.25357216402625,-4.8501078216654605,0.0,0.013322547955592344
55.0,134.7690296121048,-4.840256308504763,0.0,0.013322547955592344
55.1,134.28552090232532,-4.829493607753307,0.0,0.013322547955592344
55.2,133.80313089055412,-4.817937517795258,0.0,0.013322547955592344
55.300000000000004,133.32193339876625,-4.805691786210559,0.0,0.013322547955592344
55.400000000000006,132.84199253331198,-4.792847747886185,0.0,0.013322547955592344
55.5,132.36336384918903,-4.7794857775809305,0.0,0.013322547955592344
55.6,131.8860953777958,-4.765676577126101,0.0,0.013322547955592344
55.7,131.4102285337638,-4.751482315293401,0.0,0.013322547955592344
55.800000000000004,130.93579891473712,-4.7369576366502315,0.0,0.013322547955592344
55.900000000000006,130.46283700643374,-4.722150553895403,0.0,0.013322547955592344
56.0,129.99136880395807,-4.70710323671733,0.0,0.013322547955592344
56.1,129.52141635909032,-4.691852708815873,0.0,0.013322547955592344
56.2,129.05299826219488,-4.676431463445169,0.0,0.013322547955592344
56.300000000000004,128.5861300664013,-4.660868006766918,0.0,0.013322547955592344
56.400000000000006,128.1208246608415,-4.6451873372443515,0.0,0.013322547955592344
56.5,127.65709259895245,-4.62941136842187,0.0,0.013322547955592344
56.6,127.19494238715714,-4.6135593016247185,0.0,0.013322547955592344
56.7,126.7343807386275,-4.597647954367744,0.0,0.013322547955592344
56.800000000000004,126.27541279628358,-4.58169204963076,0.0,0.013322547955592344
56.900000000000006,125.81804232870134,-4.565704470601418,0.0,0.013322547955592344
57.0,125.36227190216331,-4.54969648485087,0.0,0.013322547955592344
57.1,124.90810303173117,-4.533677941522001,0.0,0.013322547955592344
57.2,124.45553631385889,-4.51765744490649,0.0,0.013322547955592344
57.300000000000004,124.00457154274984,-4.501642507077463,0.0,0.013322547955592344
57.400000000000006,123.55520781244338,-4.485639681942985,0.0,0.013322547955592344
57.5,123.10744360636127,-4.469654683079398,0.0,0.013322547955592344
57.6,122.66127687582754,-4.453692487293665,0.0,0.013322547955592344
57.7,122.21670510890253,-4.437757425606151,0.0,0.013322547955592344
57.800000000000004,121.77372539070629,-4.421853262915761,0.0,0.013322547955592344
57.900000000000006,121.33233445631936,-4.405983268275236,0.0,0.013322547955592344
58.0,120.89252873705125,-4.390150276464283,0.0,0.013322547955592344
58.1,120.45430440102652,-4.374356741691827,0.0,0.013322547955592344
58.2,120.01765738871289,-4.358604785081866,0.0,0.013322547955592344
58.300000000000004,119.58258344401011,-4.342896236228398,0.0,0.013322547955592344
58.400000000000006,119.14907814146719,-4.3272326695129095,0.0,0.013322547955592344
58.5,118.71713691010757,-4.31161543599228,0.0,0.013322547955592344
58.6,118.28675505426875,-4.296045691421568,0.0,0.013322547955592344
58.7,117.85792777182324,-4.280524420741244,0.0,0.013322547955592344
58.800000000000004,117.43065017012049,-4.265052459497724,0.0,0.013322547955592344
58.900000000000006,117.0049172799237,-4.249630512659564,0.0,0.013322547955592344
59.0,116.58072406758859,-4.234259171092276,0.0,0.013322547955592344
59.1,116.15806544570525,-4.218938925966427,0.0,0.013322547955592344
59.2,115.73693628239529,-4.203670181373809,0.0,0.013322547955592344
59.300000000000004,115.31733140943048,-4.188453265257294,0.0,0.013322547955592344
59.400000000000006,114.89924562934381,-4.173288439256112,0.0,0.013322547955592344
59.5,114.48267372157926,-4.158175907125383,0.0,0.013322547955592344
59.6,114.06761044791872,-4.14311582209632,0.0,0.013322547955592344
59.7,113.65405055715998,-4.128108293271339,0.0,0.013322547955592344
59.800000000000004,113.24198878926444,-4.113153391233709,0.0,0.013322547955592344
59.900000000000006,112.83141987891324,-4.09825115323838,0.0,0.013322547955592344
60.0,112.42233855861679,-4.083401587360186,0.0,0.013322547955592344
60.1,112.0147395614412,-4.0686046762796195,0.0,0.013322547955592344
60.2,111.60861762336084,-4.053860380634774,0.0,0.013322547955592344
60.300000000000004,111.20396748531424,-4.039168641909669,0.0,0.013322547955592344
60.400000000000006,110.80078389497889,-4.024529384967082,0.0,0.013322547955592344
60.5,110.39906160832085,-4.009942520131176,0.0,0.013322547955592344
60.6,109.99879539095267,-3.995407945155648,0.0,0.013322547955592344
60.7,109.59998001928972,-3.9809255470687503,0.0,0.013322547955592344
60.800000000000004,109.20261028153891,-3.9664952034877388,0.0,0.013322547955592344
60.900000000000006,108.80668097859217,-3.9521167838888687,0.0,0.013322547955592344
61.0,108.41218692476116,-3.9377901508006516,0.0,0.013322547955592344
61.1,108.01912294843206,-3.9235151607045964,0.0,0.013322547955592344
61.2,107.62748389262022,-3.9092916649900644,0.0,0.013322547955592344
61.300000000000004,107.23726461543403,-3.895119510596828,0.0,0.013322547955592344
61.400000000000006,106.84845999050084,-3.880998540648079,0.0,0.013322547955592344
61.5,106.46106490730443,-3.8669285952242944,0.0,0.013322547955592344
61.6,106.07507427145602,-3.852909511726466,0.0,0.013322547955592344
61.7,105.69048300495912,-3.8389411249786463,0.0,0.013322547955592344
61.800000000000004,105.30728604646029,-3.8250232680260297,0.0,0.013322547955592344
61.900000000000006,104.9254783513539,-3.8111557724795375,0.0,0.013322547955592344
62.0,104.5450548919644,-3.7973384685660676,0.0,0.013322547955592344
62.1,104.16601065764071,-3.783571185609503,0.0,0.013322547955592344
62.2,103.7883406548425,-3.7698537520151376,0.0,0.013322547955592344
62.300000000000004,103.41203990723767,-3.756185995499436,0.0,0.013322547955592344
62.400000000000006,103.0371034557426,-3.742567743329232,0.0,0.013322547955592344
62.5,102.66352635857183,-3.7289988224754325,0.0,0.013322547955592344
62.6,102.29130369124752,-3.715479059731649,0.0,0.013322547955592344
62.7,101.9204305466255,-3.7020082817422804,0.0,0.013322547955592344
62.800000000000004,101.55090203489905,-3.6885863150397995,0.0,0.013322547955592344
62.900000000000006,101.18271328361753,-3.6752129864669314,0.0,0.013322547955592344
63.0,100.81585943760568,-3.661888122962125,0.0,0.013322547955592344
63.1,100.45033565902513,-3.6486115515668303,0.0,0.013322547955592344
63.2,100.0861371272923,-3.6353830996810643,0.0,0.013322547955592344
63.300000000000004,99.7232590390889,-3.6222025949073213,0.0,0.013322547955592344
63.400000000000006,99.36169660831084,-3.6090698652993183,0.0,0.013322547955592344
63.5,99.00144506602905,-3.595984739220853,0.0,0.013322547955592344
63.6,98.64249966046668,-3.582947045507808,0.0,0.013322547955592344
63.7,98.28485565692748,-3.5699566134782117,0.0,0.013322547955592344
63.800000000000004,97.92850833777104,-3.557013272690142,0.0,0.013322547955592344
63.900000000000006,97.57345300238944,-3.5441168534405847,0.0,0.013322547955592344
64.0,97.21968496708294,-3.531267186590412,0.0,0.013322547955592344
64.10000000000001,96.86719956507136,-3.5184641032640798,0.0,0.013322547955592344
64.2,96.51599214643012,-3.505707434853889,0.0,0.013322547955592344
64.3,96.16605807810062,-3.4929970138300632,0.0,0.013322547955592344
64.4,95.8173927436641,-3.480332673481996,0.0,0.013322547955592344
64.5,95.4699915434042,-3.4677142461573567,0.0,0.013322547955592344
64.60000000000001,95.12384989443261,-3.4551415657924736,0.0,0.013322547955592344
64.7,94.7789632302457,-3.44261446800283,0.0,0.013322547955592344
64.8,94.43532700083207,-3.430132786706565,0.0,0.013322547955592344
64.9,94.09293667290437,-3.417696357287241,0.0,0.013322547955592344
65.0,93.75178772937461,-3.4053050171684163,0.0,0.013322547955592344
65.10000000000001,93.41187566947067,-3.392958601943178,0.0,0.013322547955592344
65.2,93.07319600898596,-3.3806569486847593,0.0,0.013322547955592344
65.3,92.73574427973377,-3.368399896588528,0.0,0.013322547955592344
65.4,92.39951602966825,-3.3561872829620825,0.0,0.013322547955592344
65.5,92.06450682314134,-3.344018946559629,0.0,0.013322547955592344
65.60000000000001,91.73071224035631,-3.3318947282612044,0.0,0.013322547955592344
65.7,91.39812787748909,-3.3198144670730585,0.0,0.013322547955592344
65.8,91.06674934694173,-3.3077780034678312,0.0,0.013322547955592344
65.9,90.73657227679551,-3.2957851800403546,0.0,0.013322547955592344
66.0,90.40759231093365,-3.2838358375006464,0.0,0.013322547955592344
66.10000000000001,90.07980510929538,-3.271929818029321,0.0,0.013322547955592344
66.2,89.75320634732778,-3.2600669659311734,0.0,0.013322547955592344
66.3,89.42779171610918,-3.2482471236186825,0.0,0.013322547955592344
66.4,89.10355692260403,-3.2364701349625875,0.0,0.013322547955592344
66.5,88.78049768911666,-3.2247358459444513,0.0,0.013322547955592344
66.60000000000001,88.45860975341513,-3.2130441006639217,0.0,0.013322547955592344
66.7,88.13788886898385,-3.2013947446764064,0.0,0.013322547955592344
66.8,87.81833080447988,-3.189787625630629,0.0,0.013322547955592344
66.9,87.49993134385772,-3.178222589300674,0.0,0.013322547955592344
67.0,87.18268628661973,-3.166699482912122,0.0,0.013322547955592344
67.10000000000001,86.86659144727528,-3.155218155766306,0.0,0.013322547955592344
67.2,86.55164265546647,-3.14377845529782,0.0,0.013322547955592344
67.3,86.23783575621576,-3.1323802303850243,0.0,0.013322547955592344
67.4,85.92516660938945,-3.1210233319616805,0.0,0.013322547955592344
67.5,85.61363108982341,-3.1097076091062945,0.0,0.013322547955592344
67.60000000000001,85.30322508756818,-3.0984329123350562,0.0,0.013322547955592344
67.7,84.9939445073564,-3.0871990941978993,0.0,0.013322547955592344
67.8,84.68578526872864,-3.0760060054007,0.0,0.013322547955592344
67.9,84.37874330627625,-3.06485349808122,0.0,0.013322547955592344
68.0,84.07281456911238,-3.0537414263897062,0.0,0.013322547955592344
68.10000000000001,83.7679950209983,-3.0426696422155715,0.0,0.013322547955592344
68.2,83.46428064066926,-3.031638000529256,0.0,0.013322547955592344
68.3,83.16166742089248,-3.020646356361567,0.0,0.013322547955592344
68.4,82.86015136939693,-3.00969456276664,0.0,0.013322547955592344
68.5,82.55972850833915,-2.9987824783108294,0.0,0.013322547955592344
68.60000000000001,82.26039487373475,-2.9879099613144717,0.0,0.013322547955592344
68.7,81.96214651607626,-2.9770768653843334,0.0,0.013322547955592344
68.8,81.66497950065792,-2.9662830446474686,0.0,0.013322547955592344
68.9,81.36888990714675,-2.955528355687022,0.0,0.013322547955592344
69.0,81.07387382952051,-2.9448126557088585,0.0,0.013322547955592344
69.10000000000001,80.77992737600496,-2.934135802543267,0.0,0.013322547955592344
69.2,80.48704666901183,-2.9234976548193004,0.0,0.013322547955592344
69.3,80.19522784504113,-2.9128980757447493,0.0,0.013322547955592344
69.4,79.90446705386287,-2.902336929315993,0.0,0.013322547955592344
69.5,79.61476045917793,-2.891814075138484,0.0,0.013322547955592344
69.60000000000001,79.32610423883517,-2.8813293737041477,0.0,0.013322547955592344
69.7,79.03849458443709,-2.870882687833671,0.0,0.013322547955592344
69.8,78.75192770126847,-2.8604738810562935,0.0,0.013322547955592344
69.9,78.46639980822582,-2.850102817610434,0.0,0.013322547955592344
70.0,78.18190713774638,-2.839769362047889,0.0,0.013322547955592344
70.10000000000001,77.89844593581623,-2.8294733709740854,0.0,0.013322547955592344
70.2,77.61601246355154,-2.8192147019492495,0.0,0.013322547955592344
70.3,77.33460299542641,-2.8089932238855226,0.0,0.013322547955592344
70.4,77.05421381877443,-2.7988088052817943,0.0,0.013322547955592344
70.5,76.77484123437004,-2.7886613119958383,0.0,0.013322547955592344
70.60000000000001,76.49648155637526,-2.7785506104150954,0.0,0.013322547955592344
70.7,76.21913111228702,-2.7684765674559344,0.0,0.013322547955592344
70.8,75.9427862428841,-2.7584390504788416,0.0,0.013322547955592344
70.9,75.66744330219123,-2.748437925574251,0.0,0.013322547955592344
71.0,75.39309865776924,-2.738473059528758,0.0,0.013322547955592344
71.10000000000001,75.11974869028548,-2.7285443218091814,0.0,0.013322547955592344
71.2,74.8473897934074,-2.718651582074358,0.0,0.013322547955592344
71.3,74.57601837387064,-2.708794709887968,0.0,0.013322547955592344
71.4,74.3056308514298,-2.6989735753073774,0.0,0.013322547955592344
71.5,74.03622365880916,-2.6891880488831816,0.0,0.013322547955592344
71.60000000000001,73.76779324165315,-2.679438001621236,0.0,0.013322547955592344
71.7,73.5003360584849,-2.669723304255456,0.0,0.013322547955592344
71.8,73.23384858080209,-2.660043828130199,0.0,0.013322547955592344
71.9,72.96832729285886,-2.650399445972994,0.0,0.013322547955592344
72.0,72.70376869160748,2.4209399851239937,2.4209399851239937,0.013321332189984974
72.10000000000001,73.4525152898838,15.72901318143181,15.72901318143181,0.013297963344824257
72.2,75.84957132789364,29.835603450611757,29.835603450611757,0.013253966422215827
72.3,79.41963598000582,39.68450670701537,39.68450670701537,0.013214385970606191
72.4,83.78647266929696,46.175428129856584,46.175428129856584,0.013184867962779668
72.5,88.6547216059772,50.04179466173463,50.04179466173463,0.013166091245204136
72.60000000000001,93.79483160164406,51.87938630922412,51.87938630922412,0.013156868448507076
72.7,99.03059886782216,52.170248997405565,52.170248997405565,0.013155391354211595
72.8,104.22888140112458,51.30264236410096,51.30264236410096,0.01315978344581101
72.9,109.29112734064249,49.58766231434163,49.58766231434163,0.01316834122406467
73.0,114.14641386399308,47.273072120360666,47.273072120360666,0.013179625386959772
73.10000000000001,118.74574176471472,44.55479496441694,44.55479496441694,0.013192478196311573
73.2,123.05737285687663,41.58644946456889,41.58644946456889,0.013206005513804978
73.3,127.06303165762803,38.4872472447305,38.4872472447305,0.0132195435810586
73.4,130.75482230582278,35.34852381057499,35.34852381057499,0.013232621111633699
73.5,134.13273641974317,32.23912639897617,32.23912639897617,0.013244922190141745
73.60000000000001,137.20264758561805,29.209850224349225,29.209850224349225,0.013256252645027295
73.7,139.97470646461315,26.297083936429658,26.297083936429658,0.013266510992979423
73.8,142.46206437290368,23.525795379208034,23.525795379208034,0.013275664193781163
73.9,144.67986554045478,20.911970642561187,20.911970642561187,0.013283727968321394
74.0,146.644458501416,18.464600425634103,18.464600425634103,0.01329075120322428
74.10000000000001,148.37278562558163,16.1872912315024,16.1872912315024,0.013296803876744631
74.2,149.8819167477166,14.079567223717618,14.079567223717618,0.013301967925962457
74.3,151.188699070325,12.137917125316562,12.137917125316562,0.01330633051238704
74.4,152.3095001727799,10.356631197654451,10.356631197654451,0.01330997920092746
74.5,153.26002530985593,8.728466516735352,8.728466516735352,0.013312998631110256
74.60000000000001,154.05519347612696,7.245171489634799,7.245171489634799,0.013315468326815249
74.7,154.70905960778296,5.897895854664398,5.897895854664398,0.013317461348033445
74.8,155.23477264705977,4.677507550146743,4.677507550146743,0.013319043536236275
74.9,155.64456111781232,3.5748342632145977,3.5748342632145977,0.013320273132548936
75.0,155.94973949970273,2.5808443181831535,2.5808443181831535,0.013321200535864086
75.10000000000001,156.16072998144895,1.6867789507821271,1.6867789507821271,0.013321867839125489
75.2,156.28709528985917,0.8842458861805653,0.8842458861805653,0.013322307147106461
75.3,156.33757915868506,0.1652822887426737,0.1652822887426737,0.013322531709747438
75.4,156.3201517476077,-0.4776062640090686,0.0,0.013322547955592344
75.5,156.24205790588326,-1.051425446271196,0.0,0.013322547955592344
75.60000000000001,156.10986665835344,-1.562686103903843,0.0,0.013322547955592344
75.7,155.9295206851025,-2.0174089273010622,0.0,0.013322547955592344
75.8,155.70638487289324,-2.421137058871068,0.0,0.013322547955592344
75.9,155.44529327332828,-2.7789543748012875,0.0,0.013322547955592344
76.0,155.150593997933,-3.095507667141419,0.0,0.013322547955592344
76.10000000000001,154.82619173989997,-3.375031315489082,0.0,0.013322547955592344
76.2,154.47558773483516,-3.621373359667359,0.0,0.013322547955592344
76.3,154.10191706796653,-3.8380221308703995,0.0,0.013322547955592344
76.4,153.70798330866106,-4.028132804028473,0.0,0.013322547955592344
76.5,153.29629050716082,-4.194553397581785,0.0,0.013322547955592344
76.60000000000001,152.86907262914468,-4.339849877125516,0.0,0.013322547955592344
76.7,152.42832053173572,-4.46633012421978,0.0,0.013322547955592344
76.80000000000001,151.97580660430071,-4.576066612353088,0.0,0.013322547955592344
76.9,151.5131072092651,-4.670917697520281,0.0,0.013322547955592344
77.0,151.0416230647967,-4.752547479014538,0.0,0.013322547955592344
77.10000000000001,150.56259771346217,-4.822444224769583,0.0,0.013322547955592344
77.2,150.07713421984278,-4.881937383354966,0.0,0.013322547955592344
77.30000000000001,149.58621023679117,-4.9322132253690825,0.0,0.013322547955592344
77.4,149.09069157476895,-4.974329171860518,0.0,0.013322547955592344
77.5,148.59134440241914,-5.009226876888647,0.0,0.013322547955592344
77.60000000000001,148.0888461993912,-5.037744137680306,0.0,0.013322547955592344
77.7,147.58379557488306,-5.060625708837961,0.0,0.013322547955592344
77.80000000000001,147.07672105762362,-5.078533098064668,0.0,0.013322547955592344
77.9,146.5680889552701,-5.092053420112393,0.0,0.013322547955592344
78.0,146.0583103736012,-5.101707383670487,0.0,0.013322547955592344
78.10000000000001,145.54774747853597,-5.107956483051225,0.0,0.013322547955592344
78.2,145.03671907699092,-5.111209463089381,0.0,0.013322547955592344
78.30000000000001,144.52550558591807,-5.11182812170216,0.0,0.013322547955592344
78.4,144.01435345265048,-5.110132510580456,0.0,0.013322547955592344
78.5,143.50347908380203,-5.106405590312306,0.0,0.013322547955592344
78.60000000000001,142.99307233458802,-5.100897392031015,0.0,0.013322547955592344
78.7,142.4832996053958,-5.093828733573673,0.0,0.013322547955592344
78.80000000000001,141.9743065878733,-5.085394534355714,0.0,0.013322547955592344
78.9,141.46622069852467,-5.075766769282495,0.0,0.013322547955592344
79.0,140.95915323401684,-5.065097098470346,0.0,0.013322547955592344
79.10000000000001,140.45320127883056,-5.0535192063968,0.0,0.013322547955592344
79.2,139.94844939273747,-5.041150880693863,0.0,0.013322547955592344
79.30000000000001,139.44497110269177,-5.028095858222741,0.0,0.013322547955592344
79.4,138.9428302210929,-5.014445463195898,0.0,0.013322547955592344
79.5,138.44208201005264,-5.000280059733086,0.0,0.013322547955592344
79.60000000000001,137.94277420914625,-4.985670339065564,0.0,0.013322547955592344
79.7,137.4449479422395,-4.970678459405008,0.0,0.013322547955592344
79.80000000000001,136.94863851726524,-4.955359054794144,0.0,0.013322547955592344
79.9,136.45387613128068,-4.9397601274487215,0.0,0.013322547955592344
80.0,135.96068649177556,-4.923923836609674,0.0,0.013322547955592344
80.10000000000001,135.4690913639587,-4.90788719556781,0.0,0.013322547955592344
80.2,134.97910905266198,-4.891682687206867,0.0,0.013322547955592344
80.30000000000001,134.49075482651733,-4.8753388073542965,0.0,0.013322547955592344
80.4,134.0040412911911,-4.858880544177396,0.0,0.013322547955592344
80.5,133.5189787176819,-4.842329800962375,0.0,0.013322547955592344
80.60000000000001,133.03557533099863,-4.8257057688124405,0.0,0.013322547955592344
80.7,132.5538375639194,-4.809025255059623,0.0,0.013322547955592344
80.80000000000001,132.0737702799867,-4.79230297253298,0.0,0.013322547955592344
80.9,131.5953769694128,-4.775551794307489,0.0,0.013322547955592344
81.0,131.11865992112524,-4.758782977878695,0.0,0.013322547955592344
81.10000000000001,130.64362037383702,-4.742006362362986,0.0,0.013322547955592344
81.2,130.17025864865263,-4.725230542061354,0.0,0.013322547955592344
81.30000000000001,129.69857426542475,-4.708463019061355,0.0,0.013322547955592344
81.4,129.22856604484033,-4.6917103373330065,0.0,0.013322547955592344
81.5,128.7602321979582,-4.67497820057315,0.0,0.013322547955592344
81.60000000000001,128.2935704047257,-4.65827157573483,0.0,0.013322547955592344
81.7,127.82857788281125,-4.641594783991536,0.0,0.013322547955592344
81.80000000000001,127.36525144792738,-4.624951580521042,0.0,0.013322547955592344
81.9,126.90358756670703,-4.608345224592881,0.0,0.013322547955592344
82.0,126.44358240300885,-4.591778541216627,0.0,0.013322547955592344
82.10000000000001,125.98523185846369,-4.575253974980797,0.0,0.013322547955592344
82.2,125.5285316080127,-4.5587736373692,0.0,0.013322547955592344
82.30000000000001,125.07347713098984,-4.5423393483469,0.0,0.013322547955592344
82.4,124.62006373834329,-4.5259526727105595,0.0,0.013322547955592344
82.5,124.16828659644779,-4.509614951994877,0.0,0.013322547955592344
82.60000000000001,123.7181407479443,-4.493327332450576,0.0,0.013322547955592344
82.7,123.26962112995764,-4.477090789541762,0.0,0.013322547955592344
82.80000000000001,122.82272259003595,-4.460906149372477,0.0,0.013322547955592344
82.9,122.37743990008313,-4.444774107514149,0.0,0.013322547955592344
83.0,121.93376776853317,-4.428695245468816,0.0,0.013322547955592344
83.10000000000001,121.49170085098936,-4.412670045065511,0.0,0.013322547955592344
83.2,121.05123375952007,-4.396698901094396,0.0,0.013322547955592344
83.30000000000001,120.61236107077049,-4.380782132260379,0.0,0.013322547955592344
83.4,120.17507733306799,-4.364919990940052,0.0,0.013322547955592344
83.5,119.73937707258253,-4.349112671670355,0.0,0.013322547955592344
83.60000000000001,119.3052547987339,-4.333360318537757,0.0,0.013322547955592344
83.7,118.87270500887496,-4.317663031501411,0.0,0.013322547955592344
83.80000000000001,118.44172219243362,-4.302020872089884,0.0,0.013322547955592344
83.9,118.012300834457,-4.286433868467839,0.0,0.013322547955592344
84.0,117.5844354187401,-4.270902019629716,0.0,0.013322547955592344
84.10000000000001,117.15812043053103,-4.255425299313856,0.0,0.013322547955592344
84.2,116.73335035887732,-4.240003659193917,0.0,0.013322547955592344
84.30000000000001,116.31011969869225,-4.224637031738325,0.0,0.013322547955592344
84.4,115.88842295252965,-4.20932533296434,0.0,0.013322547955592344
84.5,115.46825463209942,-4.194068464338329,0.0,0.013322547955592344
84.60000000000001,115.04960925966198,-4.178866314756192,0.0,0.013322547955592344
84.7,114.63248136914815,-4.1637187624476155,0.0,0.013322547955592344
84.80000000000001,114.21686550717243,-4.148625676216625,0.0,0.013322547955592344
84.9,113.80275623390482,-4.133586916842091,0.0,0.013322547955592344
85.0,113.39014812380407,-4.118602338121036,0.0,0.013322547955592344
85.10000000000001,112.9790357662806,-4.10367178785873,0.0,0.013322547955592344
85.2,112.56941376623232,-4.088795108790464,0.0,0.013322547955592344
85.30000000000001,112.16127674452251,-4.073972139238094,0.0,0.013322547955592344
85.4,111.75461933838467,-4.059202713774994,0.0,0.013322547955592344
85.5,111.34943620176756,-4.044486663829048,0.0,0.013322547955592344
85.60000000000001,110.94572200561886,-4.029823818316913,0.0,0.013322547955592344
85.7,110.54347143810418,-4.015214003710867,0.0,0.013322547955592344
85.80000000000001,110.14267920487667,-4.000657044438185,0.0,0.013322547955592344
85.9,109.74334002921655,-3.9861527637312975,0.0,0.013322547955592344
86.0,109.34544865213047,-3.971700983391088,0.0,0.013322547955592344
86.10000000000001,108.94899983253832,-3.957301524333502,0.0,0.013322547955592344
86.2,108.55398834726377,-3.942954206689933,0.0,0.013322547955592344
86.30000000000001,108.16040899120031,-3.9286588498599713,0.0,0.013322547955592344
86.4,107.76825657729178,-3.9144152728333665,0.0,0.013322547955592344
86.5,107.37752593663369,-3.9002232943021227,0.0,0.013322547955592344
86.60000000000001,106.98821191843133,-3.886082732840805,0.0,0.013322547955592344
86.7,106.60030939006549,-3.871993406930642,0.0,0.013322547955592344
86.80000000000001,106.21381323704517,-3.857955135002044,0.0,0.013322547955592344
86.9,105.82871836306506,-3.8439677356157063,0.0,0.013322547955592344
87.0,105.44501968992208,-3.830031027697487,0.0,0.013322547955592344
87.10000000000001,105.06271215752557,-3.8161448302098506,0.0,0.013322547955592344
87.2,104.6817907238801,-3.8023089624973636,0.0,0.013322547955592344
87.30000000000001,104.30225036502607,-3.7885232441898324,0.0,0.013322547955592344
87.4,103.92408607504214,-3.7747874953051905,0.0,0.013322547955592344
87.5,103.54729286596508,-3.7611015363009983,0.0,0.013322547955592344
87.60000000000001,103.17186576778194,-3.7474651880337433,0.0,0.013322547955592344
87.7,102.79779982835832,-3.7338782719289156,0.0,0.013322547955592344
87.80000000000001,102.42509011339615,-3.7203406097496554,0.0,0.013322547955592344
87.9,102.05373170640837,-3.7068520238680094,0.0,0.013322547955592344
88.0,101.6837197086226,-3.693412337258792,0.0,0.013322547955592344
88.10000000000001,101.3150492389566,-3.680021373416821,0.0,0.013322547955592344
88.2,100.94771543393924,-3.6666789561546125,0.0,0.013322547955592344
88.30000000000001,100.58171344772566,-3.653384909690601,0.0,0.013322547955592344
88.4,100.2170384520011,-3.640139059808007,0.0,0.013322547955592344
88.5,99.8536856357641,-3.626941231976275,0.0,0.013322547955592344
88.60000000000001,99.49165020560585,-3.6137912512954244,0.0,0.013322547955592344
88.7,99.130927385505,-3.6006889458662386,0.0,0.013322547955592344
88.80000000000001,98.7715124164326,-3.587634143316052,0.0,0.013322547955592344
88.9,98.41340055684178,-3.574626670099235,0.0,0.013322547955592344
89.0,98.05658708241279,-3.561666356126125,0.0,0.013322547955592344
89.10000000000001,97.70106728561655,-3.5487530308686246,0.0,0.013322547955592344
89.2,97.34683647623906,-3.5358865225013005,0.0,0.013322547955592344
89.30000000000001,96.99388998111627,-3.523066662770759,0.0,0.013322547955592344
89.4,96.6422231436849,-3.5102932829810243,0.0,0.013322547955592344
89.5,96.2918313245201,-3.49756621307489,0.0,0.013322547955592344
89.60000000000001,95.94270990106992,-3.4848852865647473,0.0,0.013322547955592344
89.7,95.59485426720715,-3.4722503365284183,0.0,0.013322547955592344
89.80000000000001,95.24825983376422,-3.4596611946954567,0.0,0.013322547955592344
89.9,94.90292202826805,-3.4471176963754715,0.0,0.013322547955592344
90.0,94.55883629448917,-3.434619676437933,0.0,0.013322547955592344
90.10000000000001,94.21599809298046,-3.422166968389206,0.0,0.013322547955592344
90.2,93.8744029008113,-3.409759409327421,0.0,0.013322547955592344
90.30000000000001,93.53404621111495,-3.397396835908239,0.0,0.013322547955592344
90.4,93.19492353362965,-3.3850790834084705,0.0,0.013322547955592344
90.5,92.8570303944333,-3.3728059906839007,0.0,0.013322547955592344
90.60000000000001,92.52036233549286,-3.3605773961502337,0.0,0.013322547955592344
90.7,92.18491491520324,-3.3483931368459707,0.0,0.013322547955592344
90.80000000000001,91.85068370812365,-3.336253053375003,0.0,0.013322547955592344
90.9,91.51766430452822,-3.324156985901311,0.0,0.013322547955592344
91.0,91.18585231094343,-3.312104773209171,0.0,0.013322547955592344
91.10000000000001,90.85524334988638,-3.3000962576354596,0.0,0.013322547955592344
91.2,90.52583305941633,-3.288131281076801,0.0,0.013322547955592344
91.30000000000001,90.19761709367101,-3.2762096840480694,0.0,0.013322547955592344
91.4,89.87059112260671,-3.2643313105983225,0.0,0.013322547955592344
91.5,89.54475083155138,-3.2524960043371607,0.0,0.013322547955592344
91.60000000000001,89.22009192173927,-3.2407036074936286,0.0,0.013322547955592344
91.7,88.89661011005265,-3.2289539658128774,0.0,0.013322547955592344
91.80000000000001,88.57430112857669,-3.2172469246006017,0.0,0.013322547955592344
91.9,88.25316072513252,-3.2055823277821673,0.0,0.013322547955592344
92.0,87.9331846630203,-3.193960022781255,0.0,0.013322547955592344
92.10000000000001,87.61436872057625,-3.1823798565045536,0.0,0.013322547955592344
92.2,87.29670869171937,-3.1708416746177477,0.0,0.013322547955592344
92.30000000000001,86.9802003856527,-3.1593453265557514,0.0,0.013322547955592344
92.4,86.66483962640822,-3.1478906604982626,0.0,0.013322547955592344
92.5,86.35062225355307,-3.136477524548468,0.0,0.013322547955592344
92.60000000000001,86.03754412149851,-3.125105772929544,0.0,0.013322547955592344
92.7,85.72560109896716,-3.1137752554149642,0.0,0.013322547955592344
92.80000000000001,85.41478907041551,-3.102485817645686,0.0,0.013322547955592344
92.9,85.10510393543801,-3.0912373090316123,0.0,0.013322547955592344
93.0,84.79654160860922,-3.0800295800909794,0.0,0.013322547955592344
93.10000000000001,84.4890980194198,-3.0688624819827055,0.0,0.013322547955592344
93.2,84.18276911221267,-3.057735866506164,0.0,0.013322547955592344
93.30000000000001,83.87755084611855,-3.04664958620549,0.0,0.013322547955592344
93.4,83.57343919497156,-3.0356034984774283,0.0,0.013322547955592344
93.5,83.27043014642311,-3.0245974629328884,0.0,0.013322547955592344
93.60000000000001,82.96851970238497,-3.0136313335000295,0.0,0.013322547955592344
93.7,82.66770387972309,-3.0027049637208165,0.0,0.013322547955592344
93.80000000000001,82.3679787096408,-2.991818210583972,0.0,0.013322547955592344
93.9,82.06934023760628,-2.9809709318063824,0.0,0.013322547955592344
94.0,81.77178452327955,-2.970162985832985,0.0,0.013322547955592344
94.10000000000001,81.47530764043968,-2.9593942318359154,0.0,0.013322547955592344
94.2,81.17990567691236,-2.9486645279464483,0.0,0.013322547955592344
94.30000000000001,80.8855747348504,-2.93797372149362,0.0,0.013322547955592344
94.4,80.59231093261363,-2.9273216665174573,0.0,0.013322547955592344
94.5,80.30011040154693,-2.9167082300043603,0.0,0.013322547955592344
94.60000000000001,80.00896928661274,-2.906133274098579,0.0,0.013322547955592344
94.7,79.7188837467272,-2.8955966595391374,0.0,0.013322547955592344
94.80000000000001,79.4298499547049,-2.885098247616554,0.0,0.013322547955592344
94.9,79.1418640972039,-2.8746379001728997,0.0,0.013322547955592344
95.0,78.85492237467037,-2.8642154795933266,0.0,0.013322547955592344
95.10000000000001,78.56902100128522,-2.85383084752101,0.0,0.013322547955592344
95.2,78.28415620516616,-2.8434838644984666,0.0,0.013322547955592344
95.30000000000001,78.00032422838552,-2.833174394180901,0.0,0.013322547955592344
95.4,77.71752132632997,-2.8229023021818875,0.0,0.013322547955592344
95.5,77.43574376794918,-2.8126674530957985,0.0,0.013322547955592344
95.60000000000001,77.1549878357108,-2.802469711997958,0.0,0.013322547955592344
95.7,76.87524982554957,-2.792308944476133,0.0,0.013322547955592344
95.80000000000001,76.59652604681557,-2.782185016631445,0.0,0.013322547955592344
95.9,76.31881282222328,-2.772097795025786,0.0,0.013322547955592344
96.0,76.04210648781044,2.299683097539287,2.299683097539287,0.013321428578744698
96.10000000000001,76.77874944173129,15.608196159076954,15.608196159076954,0.013298265671614696
96.2,79.16374571962564,29.715224464679522,29.715224464679522,0.013254408457266212
96.30000000000001,82.72179433466745,39.56456415784788,39.56456415784788,0.013214906802081289
96.4,87.07665855119521,46.05592046429808,46.05592046429808,0.013185434479786578
96.5,91.93297842752655,49.92272029992483,49.92272029992483,0.013166682324675074
96.60000000000001,97.06120261118036,51.76074365306215,51.76074365306215,0.013157469607215257
96.7,102.28512715813912,52.052036495920674,52.052036495920674,0.013155992240533555
96.80000000000001,107.47160991036463,51.18485846674673,51.18485846674673,0.013160376473599198
96.9,112.52209885148864,49.47030546192548,49.47030546192548,0.013168920759539756
97.0,117.36567100274915,47.15614075424105,47.15614075424105,0.013180187233150701
97.10000000000001,121.95332700233695,44.43828755140862,44.43828755140862,0.013193019248465138
97.2,126.25332851303104,41.47036446995878,41.47036446995878,0.013206523518105672
97.30000000000001,130.24739989632877,38.37158312731549,38.37158312731549,0.013220036957843533
97.4,133.92764513849428,35.233279037230545,35.233279037230545,0.01323308882063445
97.5,137.2940557037745,32.12429945421718,32.12429945421718,0.013245363624328458
97.60000000000001,140.35250502933778,29.095439610134918,29.095439610134918,0.013256667544727136
97.7,143.11314362580157,26.18308813574322,26.18308813574322,0.013266899375074729
97.80000000000001,145.58912265648647,23.412212883893517,23.412212883893517,0.01327602629213951
97.9,147.79558620258038,20.798799957178858,20.798799957178858,0.013284064183406434
98.0,149.748882647922,18.351840055736147,18.351840055736147,0.013291062059070649
98.10000000000001,151.46595421372763,16.07493969039217,16.07493969039217,0.013297089983779901
98.2,152.9638705860005,13.967623027697186,13.967623027697186,0.013302229948542452
98.30000000000001,154.2594788192671,12.026378799022154,12.026378799022154,0.01330656913979821
98.4,155.36914634580498,10.245497268027975,10.245497268027975,0.013310195120624554
98.5,156.30857827287258,8.617735518118934,8.617735518118934,0.013313192502570428
98.60000000000001,157.09269344942877,7.134841961905067,7.134841961905067,0.013315640753861623
98.7,157.73554666525365,5.787966340734215,5.787966340734215,0.013317612846139965
98.80000000000001,158.2502867175756,4.56797660107577,4.56797660107577,0.013319174488532821
98.9,158.64914198546884,3.4657004331534154,3.4657004331534154,0.013320383721636882
99.0,158.94342680420624,2.47210616748373,2.47210616748373,0.013321290620428966
99.10000000000001,159.14356321896557,1.5784350453751586,1.5784350453751586,0.013321936683963479
99.2,159.2591138132813,0.776294796533989,0.776294796533989,0.013322352627052635
99.30000000000001,159.29882217827236,0.05772259060086071,0.05772259060086071,0.013322544961726048
99.4,159.27065833140145,-0.5847759898856566,0.0,0.013322547955592344
99.5,159.18186698029524,-1.1582066137456195,0.0,0.013322547955592344
99.60000000000001,159.0390170086523,-1.6690801217796434,0.0,0.013322547955592344
99.7,158.84805095593933,-2.123417199190044,0.0,0.013322547955592344
99.80000000000001,158.6143335688143,-2.526760983375425,0.0,0.013322547955592344
99.9,158.34269875926427,-2.884195345381272,0.0,0.013322547955592344
100.0,158.03749449973807,-3.2003670722347124,0.0,0.013322547955592344
100.10000000000001,157.7026253448173,-3.479510538546492,0.0,0.013322547955592344
100.2,157.34159239202876,-3.7254737790492527,0.0,0.013322547955592344
100.30000000000001,156.95753058900743,-3.941745119999382,0.0,0.013322547955592344
100.4,156.5532433680289,-4.131479731310037,0.0,0.013322547955592344
100.5,156.13123464274545,-4.297525626457741,0.0,0.013322547955592344
100.60000000000001,155.6937382427373,-4.442448766105258,0.0,0.013322547955592344
100.7,155.2427448895244,-4.568557026899384,0.0,0.013322547955592344
100.80000000000001,154.7800268373574,-4.6779228774265675,0.0,0.013322547955592344
100.9,154.3071603140391,-4.772404668777426,0.0,0.013322547955592344
101.0,153.82554590360198,-4.853666495375251,0.0,0.013322547955592344
101.10000000000001,153.33642701496402,-4.923196620297517,0.0,0.013322547955592344
101.2,152.84090657954246,-4.982324487277992,0.0,0.013322547955592344
101.30000000000001,152.3399621175084,-5.0322363620945225,0.0,0.013322547955592344
101.4,151.83445930712352,-5.07398966099538,0.0,0.013322547955592344
101.5,151.3251641853094,-5.108526033256112,0.0,0.013322547955592344
101.60000000000001,150.8127541004723,-5.136683271335642,0.0,0.013322547955592344
101.7,150.29782753104226,-5.159206125087167,0.0,0.013322547955592344
101.80000000000001,149.78091287545485,-5.1767560974808475,0.0,0.013322547955592344
101.9,149.26247631154607,-5.189920298553716,0.0,0.013322547955592344
102.0,148.74292881574416,-5.199219432297468,0.0,0.013322547955592344
102.10000000000001,148.22263242508657,-5.205114988342757,0.0,0.013322547955592344
102.2,147.7019058180756,-5.208015706859101,0.0,0.013322547955592344
102.30000000000001,147.18102928371474,-5.208283381115962,0.0,0.013322547955592344
102.4,146.6602491418524,-5.206238058175359,0.0,0.013322547955592344
102.5,146.13978167207972,-5.202162694011577,0.0,0.013322547955592344
102.60000000000001,145.61981660305008,-5.196307315159515,0.0,0.013322547955592344
102.7,145.1005202090478,-5.188892734877868,0.0,0.013322547955592344
102.80000000000001,144.5820380560745,-5.180113868017088,0.0,0.013322547955592344
102.9,144.06449743544437,-5.170142684935286,0.0,0.013322547955592344
103.0,143.54800951908751,-5.159130841218939,0.0,0.013322547955592344
103.10000000000001,143.03267126720058,-5.14721201682994,0.0,0.013322547955592344
103.2,142.5185671157215,-5.134503994904435,0.0,0.013322547955592344
103.30000000000001,142.00577046821968,-5.12111050782039,0.0,0.013322547955592344
103.4,141.49434501415743,-5.10712287532499,0.0,0.013322547955592344
103.5,140.98434589315474,-5.092621457090104,0.0,0.013322547955592344
103.60000000000001,140.4758207227394,-5.077676939912635,0.0,0.013322547955592344
103.7,139.9688105051722,-5.062351477588209,0.0,0.013322547955592344
103.80000000000001,139.46335042722174,-5.046699699758278,0.0,0.013322547955592344
103.9,138.95947056522053,-5.030769604253464,0.0,0.013322547955592344
104.0,138.4571965063711,-5.0146033459458295,0.0,0.013322547955592344
104.10000000000001,137.95654989603133,-4.998237933772884,0.0,0.013322547955592344
104.2,137.4575489196165,-4.981705846281102,0.0,0.013322547955592344
104.30000000000001,136.9602087267751,-4.965035574976014,0.0,0.013322547955592344
104.4,136.46454180462126,-4.9482521037192555,0.0,0.013322547955592344
104.5,135.9705583060313,-4.931377331505928,0.0,0.013322547955592344
104.60000000000001,135.47826633832005,-4.914430445164612,0.0,0.013322547955592344
104.7,134.98767221699836,-4.8974282477685165,0.0,0.013322547955592344
104.80000000000001,134.49878068876635,-4.880385447902768,0.0,0.013322547955592344
104.9,134.0115951274178,-4.863314914412058,0.0,0.013322547955592344
105.0,133.526117705884,-4.8462279005754,0.0,0.013322547955592344
105.10000000000001,133.0423495473027,-4.829134241320389,0.0,0.013322547955592344
105.2,132.5602908576199,-4.812042526767527,0.0,0.013322547955592344
105.30000000000001,132.07994104194918,-4.794960254823877,0.0,0.013322547955592344
105.4,131.6012988066551,-4.777893965311023,0.0,0.013322547955592344
105.5,131.12436224888702,-4.760849357792722,0.0,0.013322547955592344
105.60000000000001,130.64912893509654,-4.743831395094276,0.0,0.013322547955592344
105.7,130.17559596986817,-4.726844394278601,0.0,0.013322547955592344
105.80000000000001,129.7037600562408,-4.709892106454049,0.0,0.013322547955592344
105.9,129.23361754857734,-4.692977786793335,0.0,0.013322547955592344
106.0,128.7651644988822,-4.6761042562282,0.0,0.013322547955592344
106.10000000000001,128.29839669733167,-4.6592739553277625,0.0,0.013322547955592344
106.2,127.83330970781664,-4.642488991534947,0.0,0.013322547955592344
106.30000000000001,127.36989889902468,-4.625751180784164,0.0,0.013322547955592344
106.4,126.90815947165979,-4.609062083872118,0.0,0.013322547955592344
106.5,126.4480864822503,-4.592423038352422,0.0,0.013322547955592344
106.60000000000001,125.9896748639893,-4.575835186495851,0.0,0.013322547955592344
106.7,125.53291944495112,-4.5592994998004315,0.0,0.013322547955592344
106.80000000000001,125.0778149640292,-4.542816800426635,0.0,0.013322547955592344
106.9,124.62435608486575,-4.5263877800176715,0.0,0.013322547955592344
107.0,124.17253740802573,-4.510013016154858,0.0,0.013322547955592344
107.10000000000001,123.72235348163478,-4.493692986759243,0.0,0.013322547955592344
107.2,123.27379881067387,-4.4774280827317625,0.0,0.013322547955592344
107.30000000000001,122.82686786508843,-4.461218618920043,0.0,0.013322547955592344
107.4,122.38155508688983,-4.445064843821001,0.0,0.013322547955592344
107.5,121.93785489632428,-4.428966948121001,0.0,0.013322547955592344
107.60000000000001,121.49576169726564,-4.41292507206947,0.0,0.013322547955592344
107.7,121.05526988191038,-4.396939311815345,0.0,0.013322547955592344
107.80000000000001,120.61637383490257,-4.38100972510199,0.0,0.013322547955592344
107.9,120.17906793688996,-4.365136336268279,0.0,0.013322547955592344
108.0,119.74334656764897,-4.349319140543912,0.0,0.013322547955592344
108.10000000000001,119.30920410878116,-4.333558107912381,0.0,0.013322547955592344
108.2,118.87663494606647,-4.317853186280445,0.0,0.013322547955592344
108.30000000000001,118.44563347152506,-4.302204304383963,0.0,0.013322547955592344
108.4,118.0161940851897,-4.286611374515928,0.0,0.013322547955592344
108.5,117.58831119662192,-4.271074294432424,0.0,0.013322547955592344
108.60000000000001,117.16197922630319,-4.255592949346237,0.0,0.013322547955592344
108.7,116.73719260675266,-4.240167213785185,0.0,0.013322547955592344
108.80000000000001,116.31394578354615,-4.2247969528858675,0.0,0.013322547955592344
108.9,115.89223321617547,-4.209482023782016,0.0,0.013322547955592344
109.0,115.47204937878978,-4.194222276614141,0.0,0.013322547955592344
109.10000000000001,115.05338876085263,-4.179017555567384,0.0,0.013322547955592344
109.2,114.63624586767628,-4.163867699750199,0.0,0.013322547955592344
109.30000000000001,114.22061522090259,-4.14877254388864,0.0,0.013322547955592344
109.4,113.80649135889854,-4.13373191897324,0.0,0.013322547955592344
109.5,113.39386883710799,-4.118745652823463,0.0,0.013322547955592344
109.60000000000001,112.98274222833385,-4.103813570793022,0.0,0.013322547955592344
109.7,112.57310612294937,-4.088935495852638,0.0,0.013322547955592344
109.80000000000001,112.16495512916332,-4.074111248863119,0.0,0.013322547955592344
109.9,111.75828387317674,-4.059340649515661,0.0,0.013322547955592344
110.0,111.35308699926024,-4.044623516114029,0.0,0.013322547955592344
110.10000000000001,110.94935916995391,-4.029959666045102,0.0,0.013322547955592344
110.2,110.54709506605121,-4.015348915973618,0.0,0.013322547955592344
110.30000000000001,110.14628938675916,-4.000791081828652,0.0,0.013322547955592344
110.4,109.74693684968545,-3.9862859791383016,0.0,0.013322547955592344
110.5,109.34903219093154,-3.97183342313474,0.0,0.013322547955592344
110.60000000000001,108.9525701650585,-3.9574332289519134,0.0,0.013322547955592344
110.7,108.55754554514115,-3.943085211648281,0.0,0.013322547955592344
110.80000000000001,108.16395312272884,-3.92878918627423,0.0,0.013322547955592344
110.9,107.77178770788629,-3.9145449679426747,0.0,0.013322547955592344
111.0,107.38104412914035,-3.9003523721911506,0.0,0.013322547955592344
111.10000000000001,106.99171723344806,-3.886211214643936,0.0,0.013322547955592344
111.2,106.60380188621156,-3.8721213112476107,0.0,0.013322547955592344
111.30000000000001,106.21729297119852,-3.8580824783072103,0.0,0.013322547955592344
111.4,105.83218539055011,-3.8440945324821314,0.0,0.013322547955592344
111.5,105.44847406470214,-3.8301572909172137,0.0,0.013322547955592344
111.60000000000001,105.06615393236666,-3.816270571142809,0.0,0.013322547955592344
111.7,104.68521995047357,-3.802434191291354,0.0,0.013322547955592344
111.80000000000001,104.30566709410836,-3.788647969818385,0.0,0.013322547955592344
111.9,103.92749035650989,-3.7749117258011893,0.0,0.013322547955592344
112.0,103.55068474894816,-3.7612252789866716,0.0,0.013322547955592344
112.10000000000001,103.17524530071256,-3.747588449588534,0.0,0.013322547955592344
112.2,102.80116705903045,-3.7340010582490777,0.0,0.013322547955592344
112.30000000000001,102.42844508906273,-3.720462925869924,0.0,0.013322547955592344
112.4,102.05707447385643,-3.706973874918674,0.0,0.013322547955592344
112.5,101.68705031407904,-3.693533727963711,0.0,0.013322547955592344
112.60000000000001,101.31836772826368,-3.6801423067466317,0.0,0.013322547955592344
112.7,100.95102185272971,-3.666799435879227,0.0,0.013322547955592344
112.80000000000001,100.58500784108783,-3.653504940293317,0.0,0.013322547955592344
112.9,100.22032086467104,-3.6402586431731265,0.0,0.013322547955592344
113.0,99.85695611245325,-3.627060370883271,0.0,0.013322547955592344
113.10000000000001,99.49490879049438,-3.613909950260279,0.0,0.013322547955592344
113.2,99.13417412240118,-3.6008072062506358,0.0,0.013322547955592344
113.30000000000001,98.77474734924424,-3.587751967068243,0.0,0.013322547955592344
113.4,98.41662372898752,-3.5747440614230754,0.0,0.013322547955592344
113.5,98.05979853695966,-3.561783316074127,0.0,0.013322547955592344
113.60000000000001,97.70426706577268,-3.5488695610344507,0.0,0.013322547955592344
113.7,97.35002462475276,-3.5360026268176625,0.0,0.013322547955592344
113.80000000000001,96.99706654040914,-3.5231823420024284,0.0,0.013322547955592344
113.9,96.64538815635227,-3.5104085384313635,0.0,0.013322547955592344
114.0,96.2949848327229,-3.4976810484420184,0.0,0.013322547955592344
114.10000000000001,95.94585194666386,-3.484999702425341,0.0,0.013322547955592344
114.2,95.59798489223783,-3.472364334043391,0.0,0.013322547955592344
114.30000000000001,95.25137907985517,-3.459774777450832,0.0,0.013322547955592344
114.4,94.90602993674766,-3.4472308648468584,0.0,0.013322547955592344
114.5,94.56193290688584,-3.4347324316852337,0.0,0.013322547955592344
114.60000000000001,94.21908345041061,-3.422279313907495,0.0,0.013322547955592344
114.7,93.87747704410432,-3.409871345510169,0.0,0.013322547955592344
114.80000000000001,93.53710918130857,-3.397508363728946,0.0,0.013322547955592344
114.9,93.19797537135852,-3.385190206281095,0.0,0.013322547955592344
115.0,92.86007114005238,-3.372916708943876,0.0,0.013322547955592344
115.10000000000001,92.52339202956973,-3.360687710720015,0.0,0.013322547955592344
115.2,92.18793359790837,-3.348503051086368,0.0,0.013322547955592344
115.30000000000001,91.85369141935244,-3.3363625675851836,0.0,0.013322547955592344
115.4,91.52066108439132,-3.324266100965815,0.0,0.013322547955592344
115.5,91.18883819915932,-3.312213492444357,0.0,0.013322547955592344
115.60000000000001,90.85821838590243,-3.3002045813115046,0.0,0.013322547955592344
115.7,90.528797282897,-3.2882392100459583,0.0,0.013322547955592344
115.80000000000001,90.20057054389324,-3.2763172215859413,0.0,0.013322547955592344
115.9,89.8735338385798,-3.2644384569525755,0.0,0.013322547955592344
116.0,89.54768285250276,-3.252602760336572,0.0,0.013322547955592344
116.10000000000001,89.22301328651248,-3.240809976380831,0.0,0.013322547955592344
116.2,88.89952085722659,-3.2290599475606996,0.0,0.013322547955592344
116.30000000000001,88.57720129700034,-3.2173525205110423,0.0,0.013322547955592344
116.4,88.25605035312437,-3.205687541112013,0.0,0.013322547955592344
116.5,87.93606378877797,-3.19406485380415,0.0,0.013322547955592344
116.60000000000001,87.61723738236353,-3.1824843102916702,0.0,0.013322547955592344
116.7,87.29956692671962,-3.1709457588262353,0.0,0.013322547955592344
116.80000000000001,86.98304823059827,-3.159449042191909,0.0,0.013322547955592344
116.9,86.66767711828123,-3.1479940064429,0.0,0.013322547955592344
117.0,86.35344942930973,-3.1365804993073994,0.0,0.013322547955592344
117.10000000000001,86.04036101841974,-3.1252083691625785,0.0,0.013322547955592344
117.2,85.7284077554772,-3.11387746503425,0.0,0.013322547955592344
117.30000000000001,85.41758552541289,-3.1025876365984573,0.0,0.013322547955592344
117.4,85.1078902281575,-3.0913387359041735,0.0,0.013322547955592344
117.5,84.7993177782321,-3.0801306213066937,0.0,0.013322547955592344
117.60000000000001,84.49186410389616,-3.0689631471052508,0.0,0.013322547955592344
117.7,84.18552514881102,-3.0578361626568835,0.0,0.013322547955592344
117.80000000000001,83.88029687136478,-3.046749521642994,0.0,0.013322547955592344
117.9,83.57617524448241,-3.0357030790642057,0.0,0.013322547955592344
118.0,83.27315625555197,-3.024696690656242,0.0,0.013322547955592344
118.10000000000001,82.97123590635115,-3.013730212891346,0.0,0.013322547955592344
118.2,82.67041021297368,-3.002803502942868,0.0,0.013322547955592344
118.30000000000001,82.37067520576257,-2.99191641347727,0.0,0.013322547955592344
118.4,82.07202693027821,-2.981068788350399,0.0,0.013322547955592344
118.5,81.77446144809252,-2.9702604839557694,0.0,0.013322547955592344
118.60000000000001,81.47797483348705,-2.959491366108182,0.0,0.013322547955592344
118.7,81.18256317487088,-2.9487612933891683,0.0,0.013322547955592344
118.80000000000001,80.8882225748092,-2.938070124515889,0.0,0.013322547955592344
118.9,80.59494914996769,-2.9274177187658665,0.0,0.013322547955592344
119.0,80.30273903105606,-2.9168039359770432,0.0,0.013322547955592344
119.10000000000001,80.01158836277226,-2.906228636536639,0.0,0.013322547955592344
119.2,79.72149330374872,-2.8956916796879,0.0,0.013322547955592344
119.30000000000001,79.43245002683467,-2.885192923812383,0.0,0.013322547955592344
119.4,79.14445471898624,-2.874732230883467,0.0,0.013322547955592344
119.5,78.857503580658,-2.8643094645767633,0.0,0.013322547955592344
119.60000000000001,78.57159282607088,-2.8539244874808674,0.0,0.013322547955592344
119.7,78.28671868316182,-2.8435771626976134,0.0,0.013322547955592344
119.80000000000001,78.00287739353135,-2.8332673538498057,0.0,0.013322547955592344
119.9,77.72006521239184,-2.8229949250808772,0.0,0.013322547955592344
120.0,77.43827840851522,2.2489705969123293,2.2489705969123293,0.013321467993178031
120.10000000000001,78.16985933177446,15.557667619407368,15.557667619407368,0.013298391695401037
120.2,80.5498119323965,29.664879121964475,29.664879121964475,0.013254593013307281
120.30000000000001,84.1028351561676,39.51440134323201,39.51440134323201,0.013215124354085781
120.4,88.4526922010429,46.00593952821259,46.00593952821259,0.013185671160387779
120.5,93.3040230618096,49.87292058222113,49.87292058222113,0.013166929289997202
120.60000000000001,98.4272763174873,51.71112448533779,51.71112448533779,0.013157720794197109
120.7,103.64624795887731,52.00259722785802,52.00259722785802,0.013156243315982816
120.80000000000001,108.82779576305906,51.135598451744386,51.135598451744386,0.013160624261993778
120.9,113.87336764922634,49.421224046639054,49.421224046639054,0.013169162902584849
121.0,118.71204057238631,47.107237287838416,47.107237287838416,0.013180421973895783
121.10000000000001,123.29481510679412,44.38956139239076,44.38956139239076,0.013193245287058512
121.2,127.58995285086463,41.42181497522972,41.42181497522972,0.0132067399107837
121.30000000000001,131.57917810184014,38.323209655025835,38.323209655025835,0.013220243042902041
121.4,135.25459478186994,35.18508094553499,35.18508094553499,0.01323328416204857
121.5,138.61619429094674,32.07627610700115,32.07627610700115,0.013245547967302634
121.60000000000001,141.66985000327023,29.047590380846373,29.047590380846373,0.013256840779724116
121.7,144.42571236711615,26.13541239240908,26.13541239240908,0.013267061508170641
121.80000000000001,146.8969324817521,23.364709994571513,23.364709994571513,0.013276177420097497
121.9,149.09865436603056,20.751469296511345,20.751469296511345,0.013284204472547278
122.0,151.0472263410541,18.304680998828076,18.304680998828076,0.013291191727239384
122.10000000000001,152.75959056579617,16.027951615312418,16.027951615312418,0.013297209284743849
122.2,154.25281666411666,13.920805314091695,13.920805314091695,0.013302339158341212
122.30000000000001,155.54375162861453,11.979730829665755,11.979730829665755,0.013306668544520443
122.4,156.64876283004986,10.199018426981524,10.199018426981524,0.01331028500507354
122.5,157.5835553140107,8.571425192332185,8.571425192332185,0.013313273139119381
122.60000000000001,158.3630478685163,7.088699540718153,7.088699540718153,0.013315712390544007
122.7,159.0012952221544,5.741991214853101,5.741991214853101,0.013317675692414243
122.80000000000001,159.51144611148692,4.522168164453774,4.522168164453774,0.01331922869586711
122.9,159.90572885504517,3.4200580810967267,3.4200580810967267,0.01332042935296204
123.0,160.1954577277062,2.4266292979167474,2.4266292979167474,0.01332132759386877
123.10000000000001,160.39105471462852,1.533123058439628,1.533123058439628,0.01332196464658136
123.2,160.50208233939415,0.7311470943717495,0.7311470943717495,0.013322370564507366
123.30000000000001,160.53728413350288,0.012738577715026622,0.012738577715026622,0.013322547691811416
123.4,160.50463005493717,-0.6295969071051104,0.0,0.013322547955592344
123.5,160.41136475208185,-1.2028650266406657,0.0,0.013322547955592344
123.60000000000001,160.26405704960902,-1.7135766195400493,0.0,0.013322547955592344
123.7,160.06864942817384,-2.167752368846095,0.0,0.013322547955592344
123.80000000000001,159.8305065758398,-2.570935409851586,0.0,0.013322547955592344
123.9,159.55446234620354,-2.9282096114641263,0.0,0.013322547955592344
124.0,159.244864653547,-3.2442217585960407,0.0,0.013322547955592344
124.10000000000001,158.9056179944843,-3.523206223771467,0.0,0.013322547955592344
124.2,158.54022340879268,-3.769011039606994,0.0,0.013322547955592344
124.30000000000001,158.15181578656288,-3.985124530287294,0.0,0.013322547955592344
124.4,157.74319850273523,-4.174701863628229,0.0,0.013322547955592344
124.5,157.31687541383727,-4.340591051034835,0.0,0.013322547955592344
124.60000000000001,156.87508029252825,-4.485358051102253,0.0,0.013322547955592344
124.7,156.41980380361682,-4.611310738413067,0.0,0.013322547955592344
124.80000000000001,155.95281814484562,-4.720521579512706,0.0,0.013322547955592344
124.9,155.47569948771425,-4.814848923444856,0.0,0.013322547955592344
125.0,154.9898483601567,-4.895956862591106,0.0,0.013322547955592344
125.10000000000001,154.49650811519604,-4.965333657998826,0.0,0.013322547955592344
125.2,153.99678162855693,-5.0243087513803175,0.0,0.013322547955592344
125.30000000000001,153.49164636491997,-5.074068406496167,0.0,0.013322547955592344
125.4,152.9819679472577,-5.11567003758671,0.0,0.013322547955592344
125.5,152.4685123574027,-5.150055291927401,0.0,0.013322547955592344
125.60000000000001,151.9519568888722,-5.178061959983097,0.0,0.013322547955592344
125.7,151.43289996540605,-5.200434789620886,0.0,0.013322547955592344
125.80000000000001,150.911869930948,-5.217835281830844,0.0,0.013322547955592344
125.9,150.38933290903987,-5.230850544678674,0.0,0.013322547955592344
126.0,149.86569982201232,-5.240001280191109,0.0,0.013322547955592344
126.10000000000001,149.34133265300161,-5.245748976041227,0.0,0.013322547955592344
126.2,148.81655002680407,-5.248502370447227,0.0,0.013322547955592344
126.30000000000001,148.29163217891215,-5.248623254734866,0.0,0.013322547955592344
126.4,147.76682537585708,-5.246431674030418,0.0,0.013322547955592344
126.5,147.24234584410613,-5.242210582377879,0.0,0.013322547955592344
126.60000000000001,146.71838325938148,-5.236210004389932,0.0,0.013322547955592344
126.7,146.19510384322814,-5.228650751409532,0.0,0.013322547955592344
126.80000000000001,145.67265310909957,-5.219727736378331,0.0,0.013322547955592344
126.9,145.15115829595246,-5.209612927752801,0.0,0.013322547955592344
127.0,144.63073052354906,-5.198457979225054,0.0,0.013322547955592344
127.10000000000001,144.11146670010743,-5.186396568868531,0.0,0.013322547955592344
127.2,143.59345120977534,-5.173546477937862,0.0,0.013322547955592344
127.30000000000001,143.07675740451984,-5.16001143693768,0.0,0.013322547955592344
127.4,142.5614489223878,-5.145882763747522,0.0,0.013322547955592344
127.5,142.0475808517704,-5.1312408161776375,0.0,0.013322547955592344
127.60000000000001,141.53520075915225,-5.116156279171491,0.0,0.013322547955592344
127.7,141.0243495959361,-5.100691304677639,0.0,0.013322547955592344
127.80000000000001,140.5150624982167,-5.084900520496944,0.0,0.013322547955592344
127.9,140.00736949183667,-5.06883192262535,0.0,0.013322547955592344
128.0,139.5012961136917,-5.052527664108425,0.0,0.013322547955592344
128.1,138.99686395901506,-5.036024752063099,0.0,0.013322547955592344
128.20000000000002,138.494091163279,-5.019355663221063,0.0,0.013322547955592344
128.3,137.99299282637074,-5.002548887281591,0.0,0.013322547955592344
128.4,137.49358138582272,-4.985629406304952,0.0,0.013322547955592344
128.5,136.9958669451098,-4.96861911749113,0.0,0.013322547955592344
128.6,136.49985756232456,-4.951537205881323,0.0,0.013322547955592344
128.70000000000002,136.00555950393348,-4.9344004727676065,0.0,0.013322547955592344
128.8,135.51297746777095,-4.917223624960684,0.0,0.013322547955592344
128.9,135.0221147789414,-4.900019529535257,0.0,0.013322547955592344
129.0,134.53297356186397,-4.882799438006941,0.0,0.013322547955592344
129.1,134.04555489134006,-4.865573183552442,0.0,0.013322547955592344
129.20000000000002,133.5598589251534,-4.848349354543075,0.0,0.013322547955592344
129.3,133.07588502043137,-4.83113544713774,0.0,0.013322547955592344
129.4,132.59363183572592,-4.813937999423047,0.0,0.013322547955592344
129.5,132.1130974205468,-4.796762709233803,0.0,0.013322547955592344
129.6,131.63427929387922,-4.7796145376693175,0.0,0.013322547955592344
129.70000000000002,131.15717451301285,-4.7624978000751526,0.0,0.013322547955592344
129.8,130.68177973386412,-4.7454162458541305,0.0,0.013322547955592344
129.9,130.20809126384208,-4.728373128467638,0.0,0.013322547955592344
130.0,129.73610510817065,-4.711371267142113,0.0,0.013322547955592344
130.1,129.2658170104137,-4.694413100764905,0.0,0.013322547955592344
130.20000000000002,128.79722248801758,-4.677500735089325,0.0,0.013322547955592344
130.3,128.33031686339578,-4.660635984363466,0.0,0.013322547955592344
130.4,127.86509529114495,-4.64382040771261,0.0,0.013322547955592344
130.5,127.40155278185331,-4.627055341024629,0.0,0.013322547955592344
130.6,126.93968422294007,-4.6103419249051285,0.0,0.013322547955592344
130.70000000000002,126.47948439687221,-4.593681129193669,0.0,0.013322547955592344
130.8,126.02094799710126,-4.577073774402834,0.0,0.013322547955592344
130.9,125.56406964199168,-4.560520550531123,0.0,0.013322547955592344
131.0,125.10884388699509,-4.544022033520946,0.0,0.013322547955592344
131.1,124.65526523528754,-4.527578699659557,0.0,0.013322547955592344
131.20000000000002,124.2033281470631,-4.511190938220011,0.0,0.013322547955592344
131.3,123.75302704764347,-4.494859062436831,0.0,0.013322547955592344
131.4,123.3043563345758,-4.478583319185304,0.0,0.013322547955592344
131.5,122.85731038380646,-4.462363897541195,0.0,0.013322547955592344
131.6,122.4118835550676,-4.4462009361491255,0.0,0.013322547955592344
131.70000000000002,121.96807019657659,-4.430094529564258,0.0,0.013322547955592344
131.8,121.52586464915468,-4.414044733946753,0.0,0.013322547955592344
131.9,121.08526124978728,-4.398051572035115,0.0,0.013322547955592344
132.0,120.64625433474772,-4.382115037486642,0.0,0.013322547955592344
132.1,120.20883824229001,-4.366235098711968,0.0,0.013322547955592344
132.20000000000002,119.77300731500526,-4.350411702041924,0.0,0.013322547955592344
132.3,119.33875590188153,-4.3346447746557715,0.0,0.013322547955592344
132.4,118.90607836007416,-4.318934227284103,0.0,0.013322547955592344
132.5,118.47496905642475,-4.303279956132883,0.0,0.013322547955592344
132.6,118.04542236884764,-4.2876818448759195,0.0,0.013322547955592344
132.70000000000002,117.61743268744951,-4.272139766489886,0.0,0.013322547955592344
132.8,117.19099441554957,-4.256653584581841,0.0,0.013322547955592344
132.9,116.7661019705332,-4.241223154757336,0.0,0.013322547955592344
133.0,116.34274978459815,-4.225848325628476,0.0,0.013322547955592344
133.1,115.92093230540755,-4.210528939867345,0.0,0.013322547955592344
133.20000000000002,115.50064399662463,-4.195264835063767,0.0,0.013322547955592344
133.3,115.08187933839474,-4.180055844442677,0.0,0.013322547955592344
133.4,114.66463282773614,-4.164901797494053,0.0,0.013322547955592344
133.5,114.24889897889598,-4.149802520529761,0.0,0.013322547955592344
133.6,113.83467232363023,-4.134757837412508,0.0,0.013322547955592344
133.70000000000002,113.42194741141341,-4.119767569644637,0.0,0.013322547955592344
133.8,113.01071880970125,-4.104831536604365,0.0,0.013322547955592344
133.9,112.60098110409258,-4.089949556493593,0.0,0.013322547955592344
134.0,112.19272889840256,-4.075121446158391,0.0,0.013322547955592344
134.1,111.78595681486097,-4.060347021508505,0.0,0.013322547955592344
134.20000000000002,111.38065949410078,-4.045626097757122,0.0,0.013322547955592344
134.3,110.97683159530948,-4.030958489383465,0.0,0.013322547955592344
134.4,110.57446779622414,-4.016344010466696,0.0,0.013322547955592344
134.5,110.17356279321616,-4.001782474794027,0.0,0.013322547955592344
134.6,109.77411130126538,-3.9872736960587645,0.0,0.013322547955592344
134.70000000000002,109.37610805400435,-3.9728174878885056,0.0,0.013322547955592344
134.8,108.9795478036876,-3.9584136639169856,0.0,0.013322547955592344
134.9,108.58442532122099,-3.9440620378234144,0.0,0.013322547955592344
135.0,108.19073539612296,-3.9297624237209448,0.0,0.013322547955592344
135.1,107.79847283647686,-3.9155146358382353,0.0,0.013322547955592344
135.20000000000002,107.40763246895526,-3.901318488703396,0.0,0.013322547955592344
135.3,107.01820913873611,-3.8871737972294795,0.0,0.013322547955592344
135.4,106.6301977095094,-3.8730803766720783,0.0,0.013322547955592344
135.5,106.24359306340173,-3.859038042788711,0.0,0.013322547955592344
135.6,105.85839010095171,-3.8450466117217275,0.0,0.013322547955592344
135.70000000000002,105.47458374105733,-3.8311059002256798,0.0,0.013322547955592344
135.8,105.09216892090653,-3.8172157253695786,0.0,0.013322547955592344
135.9,104.71114059598344,-3.803375904852942,0.0,0.013322547955592344
136.0,104.331493739936,-3.78958625707844,0.0,0.013322547955592344
136.1,103.9532233445678,-3.7758466008839378,0.0,0.013322547955592344
136.20000000000002,103.57632441975913,-3.7621567555770525,0.0,0.013322547955592344
136.3,103.20079199345233,-3.7485165406981196,0.0,0.013322547955592344
136.4,102.82662111161956,-3.7349257773032605,0.0,0.013322547955592344
136.5,102.45380683799172,-3.7213842867308813,0.0,0.013322547955592344
136.6,102.08234425427342,-3.7078918893822674,0.0,0.013322547955592344
136.70000000000002,101.71222846011521,-3.694448408360813,0.0,0.013322547955592344
136.8,101.3434545726012,-3.6810536674421996,0.0,0.013322547955592344
136.9,100.97601772662681,-3.667707488529743,0.0,0.013322547955592344
137.0,100.60991307489529,-3.6544096964466917,0.0,0.013322547955592344
137.1,100.24513578733752,-3.6411601168970833,0.0,0.013322547955592344
137.20000000000002,99.88168105151581,-3.627958573567639,0.0,0.013322547955592344
137.3,99.51954407262393,-3.614804893135158,0.0,0.013322547955592344
137.4,99.15872007288883,-3.6016989031933804,0.0,0.013322547955592344
137.5,98.79920429198529,-3.5886404292606926,0.0,0.013322547955592344
137.6,98.44099198703672,-3.5756292998270283,0.0,0.013322547955592344
137.70000000000002,98.08407843201982,-3.5626653443016494,0.0,0.013322547955592344
137.8,97.72845891817633,-3.549748390037678,0.0,0.013322547955592344
137.9,97.37412875401233,-3.536878267367399,0.0,0.013322547955592344
138.0,97.0210832647029,-3.524054807537368,0.0,0.013322547955592344
138.1,96.6693177925049,-3.5112778397282796,0.0,0.013322547955592344
138.20000000000002,96.31882769675718,-3.498547196104596,0.0,0.013322547955592344
138.3,95.96960835328392,-3.485862709743742,0.0,0.013322547955592344
138.4,95.62165515480848,-3.4732242116483008,0.0,0.013322547955592344
138.5,95.2749635109543,-3.460631535789787,0.0,0.013322547955592344
138.6,94.92952884765056,-3.448084517044947,0.0,0.013322547955592344
138.70000000000002,94.58534660754525,-3.4355829882265994,0.0,0.013322547955592344
138.8,94.24241225000517,-3.423126785103534,0.0,0.013322547955592344
138.9,93.90072125052458,-3.410715744339882,0.0,0.013322547955592344
139.0,93.56026910113724,-3.3983497005429513,0.0,0.013322547955592344
139.1,93.22105131041603,-3.3860284912634597,0.0,0.013322547955592344
139.20000000000002,92.88306340288449,-3.3737519549368358,0.0,0.013322547955592344
139.3,92.5463009194286,-3.3615199279483363,0.0,0.013322547955592344
139.4,92.21075941729485,-3.349332249610711,0.0,0.013322547955592344
139.5,91.87643446950649,-3.337188760109825,0.0,0.013322547955592344
139.6,91.54332166527293,-3.3250892975922284,0.0,0.013322547955592344
139.70000000000002,91.21141660998799,-3.3130337031154227,0.0,0.013322547955592344
139.8,90.8807149246498,-3.3010218185984854,0.0,0.013322547955592344
139.9,90.55121224626834,-3.289053483931241,0.0,0.013322547955592344
140.0,90.22290422786358,-3.2771285418982643,0.0,0.013322547955592344
140.1,89.89578653788872,-3.2652468361338833,0.0,0.013322547955592344
140.20000000000002,89.56985486063675,-3.253408207953214,0.0,0.013322547955592344
140.3,89.24510489629802,-3.2416125027199882,0.0,0.013322547955592344
140.4,88.92153236009278,-3.229859565250422,0.0,0.013322547955592344
140.5,88.59913298324797,-3.218149238648607,0.0,0.013322547955592344
140.6,88.2779025123631,-3.20648137340595,0.0,0.013322547955592344
140.70000000000002,87.95783670856673,-3.194855817132975,0.0,0.013322547955592344
140.8,87.63893134893645,-3.1832724115533324,0.0,0.013322547955592344
140.9,87.3211822262561,-3.1717310012529083,0.0,0.013322547955592344
141.0,87.0045851486859,-3.1602314327944896,0.0,0.013322547955592344
141.1,86.68913593969724,-3.1487735533930845,0.0,0.013322547955592344
141.20000000000002,86.37483043800724,-3.1373572109152974,0.0,0.013322547955592344
141.3,86.06166449751413,-3.1259822538793287,0.0,0.013322547955592344
141.4,85.7496339872314,-3.1146485324174478,0.0,0.013322547955592344
141.5,85.43873479103067,-3.103355903620127,0.0,0.013322547955592344
141.6,85.12896280650742,-3.092104221974637,0.0,0.013322547955592344
141.70000000000002,84.8203139466357,-3.0808933357908472,0.0,0.013322547955592344
141.8,84.5127841393492,-3.0697230970197893,0.0,0.013322547955592344
141.9,84.20636932723177,-3.0585933595266965,0.0,0.013322547955592344
142.0,83.90106546744389,-3.0475039779169038,0.0,0.013322547955592344
142.1,83.59686853164843,-3.036454807535222,0.0,0.013322547955592344
142.20000000000002,83.2937745059368,-3.025445704465824,0.0,0.013322547955592344
142.3,82.99177939075521,-3.0144765231859196,0.0,0.013322547955592344
142.4,82.69087920129965,-3.0035471062560077,0.0,0.013322547955592344
142.5,82.39106996950404,-2.992657304789418,0.0,0.013322547955592344
142.6,82.0923477403418,-2.9818069838514702,0.0,0.013322547955592344
142.70000000000002,81.7947085727337,-2.9709960023844246,0.0,0.013322547955592344
142.8,81.49814853986486,-2.9602242180297935,0.0,0.013322547955592344
142.9,81.20266372912776,-2.9494914889928623,0.0,0.013322547955592344
143.0,80.90825024206632,-2.9387976740430872,0.0,0.013322547955592344
143.1,80.61490419431918,-2.928142632513925,0.0,0.013322547955592344
143.20000000000002,80.32262171556347,-2.917526223661582,0.0,0.013322547955592344
143.3,80.03139894958682,-2.9069483044539766,0.0,0.013322547955592344
143.4,79.74123205467271,-2.8964087344781433,0.0,0.013322547955592344
143.5,79.45211720269123,-2.8859073767609402,0.0,0.013322547955592344
143.6,79.16405057932056,-2.8754440931618888,0.0,0.013322547955592344
143.70000000000002,78.8770283840588,-2.8650187457437823,0.0,0.013322547955592344
143.8,78.59104683017176,-2.8546311970925444,0.0,0.013322547955592344
143.9,78.30610214464032,-2.8442813103191043,0.0,0.013322547955592344
144.0,78.02219056810797,2.2277614281907177,2.2277614281907177,0.013321484318485545
144.1,78.75165443027844,15.536535387590618,15.536535387590618,0.01329844432856943
144.20000000000002,81.12949764562683,29.643823507413856,29.643823507413856,0.013254670144128605
144.3,84.68041913176137,39.49342206625221,39.49342206625221,0.013215215291863314
144.4,89.02818205887682,45.98503631711242,45.98503631711242,0.013185770102021313
144.5,93.87742639518332,49.852093160991274,49.852093160991274,0.013167032535067088
144.6,98.99860069107451,51.69037257446837,51.69037257446837,0.013157825805965574
144.70000000000002,104.2155009100779,51.98192055512152,51.98192055512152,0.013156348281523225
144.8,109.39498480209973,51.11499674697575,51.11499674697575,0.013160727852734833
144.9,114.43850025947248,49.4006970364245,49.4006970364245,0.013169264131861138
145.0,119.27512420938407,47.08678470011398,47.08678470011398,0.013180520106615303
145.1,123.85585719949474,44.369182958730335,44.369182958730335,0.01319333977935274
145.20000000000002,128.1489608011308,41.40151042668026,41.40151042668026,0.013206830367743111
145.3,132.1361592848316,38.30297872354788,38.30297872354788,0.013220329187602159
145.4,135.80955654583997,35.1649233624388,35.1649233624388,0.013233365811965509
145.5,139.16914395731894,32.0561916060409,32.0561916060409,0.013245625015712166
145.6,142.22079486704777,29.02757869992888,29.02757869992888,0.013256913180650772
145.70000000000002,144.9746596973051,26.115473267553853,26.115473267553853,0.01326712926398268
145.8,147.44388952055905,23.344843161350354,23.344843161350354,0.013276240571078974
145.9,149.6436283295749,20.73167449338689,20.73167449338689,0.013284263088052393
146.0,151.5902244192362,18.28495796447214,18.28495796447214,0.013291245898143157
146.1,153.3006199224691,16.008300089597697,16.008300089597697,0.013297259116907524
146.20000000000002,154.79188443715594,13.901225037597214,13.901225037597214,0.013302384766890534
146.3,156.08086492998885,11.960221544222577,11.960221544222577,0.013306710048716405
146.4,157.1839287460003,10.17957987501336,10.17957987501336,0.01331032252354649
146.5,158.1167809049914,8.552057117430081,8.552057117430081,0.013313306785170079
146.6,158.89434016948624,7.069401687488039,7.069401687488039,0.01331574226710186
146.70000000000002,159.53066124248912,5.7227633284938975,5.7227633284938975,0.013317701885981198
146.8,160.03889283518515,4.503009991488284,4.503009991488284,0.01331925126821075
146.9,160.43126324078673,3.400969368629262,3.400969368629262,0.013320448327962711
147.0,160.71908670891096,2.40760979414722,2.40760979414722,0.013321342933106321
147.1,160.91278519961614,1.5141725124906316,1.5141725124906316,0.01332197619395628
147.20000000000002,161.0219212114091,0.7122652561824907,0.7122652561824907,0.013322377871324278
147.3,161.05523825085268,-0.00607480174403463,0.0,0.013322547955592344
147.4,161.02070625106032,-0.6483420760789613,0.0,0.013322547955592344
147.5,160.9255698356369,-1.221542232457523,0.0,0.013322547955592344
147.6,160.77639780456883,-1.732186108612268,0.0,0.013322547955592344
147.70000000000002,160.57913261391442,-2.186294386684949,0.0,0.013322547955592344
147.8,160.3391389272318,-2.5894102010859115,0.0,0.013322547955592344
147.9,160.06125057369727,-2.946617419829977,0.0,0.013322547955592344
148.0,159.74981544326585,-3.2625628269440767,0.0,0.013322547955592344
148.1,159.4087380083085,-3.5414807940780975,0.0,0.013322547955592344
148.20000000000002,159.04151928445015,-3.787219352965849,0.0,0.013322547955592344
148.3,158.65129413771527,-4.003266826925483,0.0,0.013322547955592344
148.4,158.2408659190651,-4.192778382894858,0.0,0.013322547955592344
148.5,157.81273846113635,-4.358602031412829,0.0,0.013322547955592344
148.6,157.36914551278258,-4.503303730211655,0.0,0.013322547955592344
148.70000000000002,156.91207771509394,-4.629191353008196,0.0,0.013322547955592344
148.8,156.44330724218088,-4.738337365493521,0.0,0.013322547955592344
148.9,155.9644102419953,-4.8326001158573035,0.0,0.013322547955592344
149.0,155.47678721900948,-4.913643695627684,0.0,0.013322547955592344
149.1,154.98168150286983,-4.982956365001542,0.0,0.013322547955592344
149.20000000000002,154.48019594600908,-5.041867564845575,0.0,0.013322547955592344
149.3,153.97330798990063,-5.091563558077837,0.0,0.013322547955592344
149.4,153.46188323439355,-5.133101758098746,0.0,0.013322547955592344
149.5,152.94668763828093,-5.167423811346907,0.0,0.013322547955592344
149.6,152.42839847212423,-5.1953675074527155,0.0,0.013322547955592344
149.70000000000002,151.9076141367903,-5.217677593453459,0.0,0.013322547955592344
149.8,151.38486295343347,-5.235015569510892,0.0,0.013322547955592344
149.9,150.86061102288818,-5.247968542866261,0.0,0.013322547955592344
150.0,150.33526924486029,-5.257057214724227,0.0,0.013322547955592344
150.1,149.8091995799434,-5.2627430719384165,0.0,0.013322547955592344
150.20000000000002,149.2827206304725,-5.265434851912573,0.0,0.013322547955592344
150.3,148.75611260956077,-5.265494345159368,0.0,0.013322547955592344
150.4,148.2296217614407,-5.263241595994145,0.0,0.013322547955592344
150.5,147.703464290362,-5.258959557654862,0.0,0.013322547955592344
150.6,147.17782984990978,-5.252898253949979,0.0,0.013322547955592344
150.70000000000002,146.65288463957194,-5.245278495421076,0.0,0.013322547955592344
150.8,146.12877415082548,-5.23629519421138,0.0,0.013322547955592344
150.9,145.60562560072972,-5.226120317982577,0.0,0.013322547955592344
151.0,145.083550087229,-5.214905519634499,0.0,0.013322547955592344
151.1,144.56264449680287,-5.202784476449892,0.0,0.013322547955592344
151.20000000000002,144.04299319193893,-5.189874968897584,0.0,0.013322547955592344
151.3,143.52466950302326,-5.1762807266975415,0.0,0.013322547955592344
151.4,143.0077370465995,-5.162093066948387,0.0,0.013322547955592344
151.5,142.49225088963365,-5.147392346682977,0.0,0.013322547955592344
151.6,141.97825857726295,-5.132249250068753,0.0,0.013322547955592344
151.70000000000002,141.46580103961983,-5.116725928281653,0.0,0.013322547955592344
151.8,140.95491339160654,-5.100877008352768,0.0,0.013322547955592344
151.9,140.44562563794935,-5.084750485511677,0.0,0.013322547955592344
152.0,139.93796329450427,-5.068388512039746,0.0,0.013322547955592344
152.1,139.43194793554144,-5.051828094291636,0.0,0.013322547955592344
152.20000000000002,138.92759767564587,-5.035101708240745,0.0,0.013322547955592344
152.3,138.4249275938932,-5.018237842830672,0.0,0.013322547955592344
152.4,137.92395010707978,-5.001261479368168,0.0,0.013322547955592344
152.5,137.42467529801962,-4.984194514302885,0.0,0.013322547955592344
152.6,136.92711120421927,-4.96705613192853,0.0,0.013322547955592344
152.70000000000002,136.43126407163385,-4.949863132792075,0.0,0.013322547955592344
152.8,135.9371385776608,-4.932630222961279,0.0,0.013322547955592344
152.9,135.44473802704167,-4.9153702687715395,0.0,0.013322547955592344
153.0,134.95406452390654,-4.898094521001667,0.0,0.013322547955592344
153.1,134.46511912284137,-4.880812812095428,0.0,0.013322547955592344
153.20000000000002,133.97790196148736,-4.863533729690971,0.0,0.013322547955592344
153.3,133.49241237690308,-4.8462647692181235,0.0,0.013322547955592344
153.4,133.00864900764378,-4.829012468038172,0.0,0.013322547955592344
153.5,132.5266098832955,-4.811782523260717,0.0,0.013322547955592344
153.60000000000002,132.04629250299155,-4.794579895265883,0.0,0.013322547955592344
153.70000000000002,131.56769390424225,-4.777408898678345,0.0,0.013322547955592344
153.8,131.09081072325594,-4.760273282187882,0.0,0.013322547955592344
153.9,130.61563924780472,-4.743176298542494,0.0,0.013322547955592344
154.0,130.1421754635475,-4.72612076625478,0.0,0.013322547955592344
154.10000000000002,129.67041509455368,-4.709109123506892,0.0,0.013322547955592344
154.20000000000002,129.20035363884602,-4.692143475346711,0.0,0.013322547955592344
154.3,128.73198639948438,-4.675225635317588,0.0,0.013322547955592344
154.4,128.26530851178256,-4.658357161844606,0.0,0.013322547955592344
154.5,127.80031496711553,-4.641539390119647,0.0,0.013322547955592344
154.60000000000002,127.33700063375855,-4.6247734600523245,0.0,0.013322547955592344
154.70000000000002,126.87536027510498,-4.608060340787915,0.0,0.013322547955592344
154.8,126.41538856560103,-4.591400852149491,0.0,0.013322547955592344
154.9,125.95708010467513,-4.574795683448201,0.0,0.013322547955592344
155.0,125.50042942891143,-4.558245409941151,0.0,0.013322547955592344
155.10000000000002,125.04543102268681,-4.541750507232223,0.0,0.013322547955592344
155.20000000000002,124.5920793274649,-4.525311363913602,0.0,0.013322547955592344
155.3,124.14036874990414,-4.508928292545079,0.0,0.013322547955592344
155.4,123.69029366895595,-4.4926015393238,0.0,0.013322547955592344
155.5,123.24184844203944,-4.4763312926523895,0.0,0.013322547955592344
155.60000000000002,122.79502741042539,-4.4601176905030115,0.0,0.013322547955592344
155.70000000000002,122.34982490393877,-4.44396082676576,0.0,0.013322547955592344
155.8,121.90623524507228,-4.427860756938571,0.0,0.013322547955592344
155.9,121.4642527525511,-4.411817503088741,0.0,0.013322547955592344
156.0,121.02387174445458,-4.395831058217709,0.0,0.013322547955592344
156.10000000000002,120.58508654090748,-4.379901390078658,0.0,0.013322547955592344
156.20000000000002,120.14789146643878,-4.3640284443426935,0.0,0.013322547955592344
156.3,119.71228085203899,-4.348212147537765,0.0,0.013322547955592344
156.4,119.27824903693129,-4.332452409740995,0.0,0.013322547955592344
156.5,118.84579037009085,-4.316749126509876,0.0,0.013322547955592344
156.60000000000002,118.41489921162925,-4.301102180874977,0.0,0.013322547955592344
156.70000000000002,117.98556993391577,-4.28551144516473,0.0,0.013322547955592344
156.8,117.55779692259635,-4.269976782345452,0.0,0.013322547955592344
156.9,117.13157457744671,-4.254498047384345,0.0,0.013322547955592344
157.0,116.70689731311953,-4.23907508825414,0.0,0.013322547955592344
157.10000000000002,116.28375955979581,-4.223707746994023,0.0,0.013322547955592344
157.20000000000002,115.86215576372065,-4.2083958605592215,0.0,0.013322547955592344
157.3,115.442080387684,-4.19313926154598,0.0,0.013322547955592344
157.4,115.0235279114115,-4.177937778816499,0.0,0.013322547955592344
157.5,114.60649283192075,-4.162791238053842,0.0,0.013322547955592344
157.60000000000002,114.19096966380067,-4.147699462495439,0.0,0.013322547955592344
157.70000000000002,113.77695293942159,-4.132662273029496,0.0,0.013322547955592344
157.8,113.36443720919482,-4.117679488415888,0.0,0.013322547955592344
157.9,112.95341704173846,-4.102750926232375,0.0,0.013322547955592344
158.0,112.5438870239484,-4.087876402715551,0.0,0.013322547955592344
158.10000000000002,112.13584176119528,-4.073055733157844,0.0,0.013322547955592344
158.20000000000002,111.72927587731675,-4.058288732164215,0.0,0.013322547955592344
158.3,111.3241840147625,-4.043575213608733,0.0,0.013322547955592344
158.4,110.92056083459505,-4.028914990964154,0.0,0.013322547955592344
158.5,110.51840101656971,-4.014307877412762,0.0,0.013322547955592344
158.60000000000002,110.11769925911243,-3.9997536860469154,0.0,0.013322547955592344
158.70000000000002,109.71845027936027,-3.985252229894627,0.0,0.013322547955592344
158.8,109.32064881313356,-3.970803321995959,0.0,0.013322547955592344
158.9,108.92428961496114,-3.9564067754329244,0.0,0.013322547955592344
159.0,108.52936745804702,-3.9420624037220477,0.0,0.013322547955592344
159.10000000000002,108.13587713421667,-3.927770020507978,0.0,0.013322547955592344
159.20000000000002,107.74381345394535,-3.913529439725721,0.0,0.013322547955592344
159.3,107.35317124627157,-3.899340475706367,0.0,0.013322547955592344
159.4,106.96394535880411,-3.885202943118543,0.0,0.013322547955592344
159.5,106.57613065764791,-3.871116657138259,0.0,0.013322547955592344
159.60000000000002,106.1897220273764,-3.857081433329199,0.0,0.013322547955592344
159.70000000000002,105.80471437098201,-3.8430970878691824,0.0,0.013322547955592344
159.8,105.42110260980262,-3.8291634372466206,0.0,0.013322547955592344
159.9,105.03888168353272,-3.815280298584298,0.0,0.013322547955592344
160.0,104.65804655008579,-3.8014474897256605,0.0,0.013322547955592344
160.10000000000002,104.27859218558753,-3.7876648289302466,0.0,0.013322547955592344
160.20000000000002,103.90051358429966,-3.773932134945994,0.0,0.013322547955592344
160.3,103.52380575859837,-3.760249226750375,0.0,0.013322547955592344
160.4,103.14846373894963,-3.7466159248032227,0.0,0.013322547955592344
160.5,102.77448257363775,-3.7330320499261234,0.0,0.013322547955592344
160.60000000000002,102.40185732896434,-3.71949742197188,0.0,0.013322547955592344
160.70000000000002,102.03058308924332,-3.706011863402807,0.0,0.013322547955592344
160.8,101.66065495628382,-3.6925751975072103,0.0,0.013322547955592344
160.9,101.29206804974193,-3.6791872456673786,0.0,0.013322547955592344
161.0,100.9248175071504,-3.6658478320517816,0.0,0.013322547955592344
161.10000000000002,100.5588984833315,-3.652556781885721,0.0,0.013322547955592344
161.20000000000002,100.19430615077319,-3.6393139183442713,0.0,0.013322547955592344
161.3,99.83103569966269,-3.626119067451839,0.0,0.013322547955592344
161.4,99.46908233728286,-3.6129720563292835,0.0,0.013322547955592344
161.5,99.10844128839688,-3.599872709990848,0.0,0.013322547955592344
161.60000000000002,98.74910779528463,-3.586820856281406,0.0,0.013322547955592344
161.70000000000002,98.39107711714053,-3.573816324143422,0.0,0.013322547955592344
161.8,98.03434453045598,-3.5608589404288864,0.0,0.013322547955592344
161.9,97.67890532905479,-3.5479485348321305,0.0,0.013322547955592344
162.0,97.3247548234896,-3.535084938138482,0.0,0.013322547955592344
162.10000000000002,96.97188834142703,-3.522267979033302,0.0,0.013322547955592344
162.20000000000002,96.62030122768287,-3.5094974890491244,0.0,0.013322547955592344
162.3,96.26998884361724,-3.496773300807206,0.0,0.013322547955592344
162.4,95.92094656752147,-3.4840952448214466,0.0,0.013322547955592344
162.5,95.573169794653,-3.471463154437174,0.0,0.013322547955592344
162.60000000000002,95.22665393663398,-3.4588768640804233,0.0,0.013322547955592344
162.70000000000002,94.88139442183684,-3.446336206080389,0.0,0.013322547955592344
162.8,94.53738669541794,-3.433841015586495,0.0,0.013322547955592344
162.9,94.19462621871959,-3.4213911288169925,0.0,0.013322547955592344
163.0,93.85310846965457,-3.4089863799015916,0.0,0.013322547955592344
163.10000000000002,93.51282894273922,-3.3966266057768735,0.0,0.013322547955592344
163.20000000000002,93.17378314849914,-3.3843116444371617,0.0,0.013322547955592344
163.3,92.83596661385182,-3.372041331796879,0.0,0.013322547955592344
163.4,92.4993748821398,-3.359815506560494,0.0,0.013322547955592344
163.5,92.16400351253976,-3.3476340084774847,0.0,0.013322547955592344
163.60000000000002,91.82984808044425,-3.335496675229024,0.0,0.013322547955592344
163.70000000000002,91.4969041774939,-3.323403347270471,0.0,0.013322547955592344
163.8,91.1651674109902,-3.3113538660895756,0.0,0.013322547955592344
163.9,90.83463340427603,-3.299348071115844,0.0,0.013322547955592344
164.0,90.50529779676707,-3.2873858045375073,0.0,0.013322547955592344
164.10000000000002,90.17715624336849,-3.275466909562738,0.0,0.013322547955592344
164.20000000000002,89.85020441485446,-3.2635912270330323,0.0,0.013322547955592344
164.3,89.52443799796191,-3.251758601775464,0.0,0.013322547955592344
164.4,89.19985269449941,-3.2399688781549685,0.0,0.013322547955592344
164.5,88.87644422233096,-3.228221898733409,0.0,0.013322547955592344
164.60000000000002,88.55420831475267,-3.216517513473093,0.0,0.013322547955592344
164.70000000000002,88.23314071963628,-3.204855569714823,0.0,0.013322547955592344
164.8,87.91323720080975,-3.1932359087624604,0.0,0.013322547955592344
164.9,87.59449353788384,-3.1816583745766707,0.0,0.013322547955592344
165.0,87.27690552589445,-3.170122813232979,0.0,0.013322547955592344
165.10000000000002,86.96046897523718,-3.1586290714604957,0.0,0.013322547955592344
165.20000000000002,86.6451797116023,-3.147176996641349,0.0,0.013322547955592344
165.3,86.33103357590895,-3.1357664368107976,0.0,0.013322547955592344
165.4,86.01802642424016,-3.124397241371753,0.0,0.013322547955592344
165.5,85.70615412763463,-3.113069266748198,0.0,0.013322547955592344
165.60000000000002,85.39541257089047,-3.1017823674994816,0.0,0.013322547955592344
165.70000000000002,85.08579765413468,-3.090536391634487,0.0,0.013322547955592344
165.8,84.77730529256361,-3.0793311903155427,0.0,0.013322547955592344
165.9,84.4699314160716,-3.0681666169341497,0.0,0.013322547955592344
166.0,84.16367196917682,-3.0570425256227054,0.0,0.013322547955592344
166.10000000000002,83.85852291094702,-3.045958771254618,0.0,0.013322547955592344
166.20000000000002,83.55448021492585,-3.0349152094448186,0.0,0.013322547955592344
166.3,83.25153986905809,-3.023911695074048,0.0,0.013322547955592344
166.4,82.94969787591107,-3.012948070820471,0.0,0.013322547955592344
166.5,82.64895025489403,-3.0020241856466328,0.0,0.013322547955592344
166.60000000000002,82.3492930387817,-2.991139903658393,0.0,0.013322547955592344
166.70000000000002,82.0507222741623,-2.980295084243153,0.0,0.013322547955592344
166.8,81.7532340219331,-2.9694895845918268,0.0,0.013322547955592344
166.9,81.45682435724396,-2.9587232624618878,0.0,0.013322547955592344
167.0,81.16148936944076,-2.947995976175662,0.0,0.013322547955592344
167.10000000000002,80.86722516200878,-2.9373075846215784,0.0,0.013322547955592344
167.20000000000002,80.5740278525164,-2.92665794690663,0.0,0.013322547955592344
167.3,80.2818935726275,-2.9160469196956456,0.0,0.013322547955592344
167.4,79.9908184685773,-2.905474361602444,0.0,0.013322547955592344
167.5,79.70079870030703,-2.8949401350993185,0.0,0.013322547955592344
167.60000000000002,79.41183044155738,-2.8844441018704856,0.0,0.013322547955592344
167.70000000000002,79.1239098799329,-2.873986123543091,0.0,0.013322547955592344
167.8,78.83703321684881,-2.863566062270422,0.0,0.013322547955592344
167.9,78.55119666747883,-2.8531837807313423,0.0,0.013322547955592344
168.0,78.26639646070257,-2.8480020677628404,0.0,0.013322547955592344
