BW_kg,Vb,Vc,ka,CL_in,CL_out,CL_app,dose_40mg_equiv_mg
73.91440022609747,1.4735666162002266,935.0894211272953,2.2934478538606484,5.418846098651327,2.000861165357006,37.76551146728817,42.236800129198556
58.13618964392042,1.117855948843108,707.9139762854669,1.8950369113578778,5.004271267077469,1.6602806317264363,30.196251490786185,33.22067979652596
80.03796567475324,1.5653553086074012,1186.115529992421,2.926560916859406,5.7703166716168575,1.9829766991506774,44.30539813255796,45.73598038557328
82.8017422013599,1.7136615558962256,1187.802265489825,0.8862969554217388,8.051524289917117,2.4258589049322157,43.65374785918719,47.31528125791994
49.407619714497166,0.9883120136309285,527.2597056189511,1.3706141577380686,4.816070833200322,1.5977315724791419,16.889057384188575,28.23292555114124
55.47702094527838,1.1300974407090054,929.7170351923364,1.2817626179223716,4.0024390511654255,1.3096477684898826,32.018165898138854,31.70115482587336
71.61634462671343,1.4850645832590383,965.7850756141636,0.7668484572204985,4.839329510736469,1.571050808449086,30.42876283962621,40.92362550097911
66.15660520140894,1.296638343639562,744.0342726492141,2.150953844227155,5.158312835872017,2.0488379461872834,26.85476361370147,37.8037744008051
69.79030540205734,1.453943879294104,1183.4756043081716,1.3682695594091456,4.37544183528366,1.7564158283405398,33.906104002107135,39.88017451546134
60.109608881300474,1.2270210429059754,921.8041565588414,1.9287929661369503,5.353550898616643,1.8704581395118378,33.29594950851306,34.3483479321717
81.90227252905495,1.532457044865136,896.1961049726649,3.3455897441742892,5.952522579747432,2.542543188444539,30.456132910466422,46.8012985880314
80.42967885557381,1.7387874684476048,1514.995238772784,1.3302726162831946,5.776217235012425,1.8191386221573222,43.37163928831274,45.95981648889932
70.83024852148864,1.378840058106177,1092.6527005920432,1.2999150260451504,5.617092512858251,1.61774585795877,39.79261632375338,40.47442772656494
85.6083967471679,1.5658836057729542,1171.9223613636843,1.5617447961841504,7.614765479967781,3.0229173898204196,41.00391835851104,48.91908385552451
76.0945771568665,1.4384450611021575,1386.2751974803166,2.098176680439658,5.467436874666353,2.2496891308101397,32.52941991770493,43.482615518209435
60.04257703664791,1.1364786914225762,847.2004322312966,1.2371587274250868,4.37830656597266,1.669359251597476,26.761358523314385,34.31004402094167
74.76441071567193,1.499503843432278,1020.211573649788,1.2104313983800263,6.652496156998384,1.8154561863283423,43.17789151376098,42.72252040895539
58.984247184965504,1.1623807145419551,718.9563269950951,2.1486606332734857,5.116527156112278,1.6238925985094173,24.297377863780564,33.705284105694574
81.88841393175197,1.6082696057352464,1246.001458225059,1.7060474789472475,5.348625780150961,1.8671743771383384,46.507932416607524,46.79337938957256
69.3787149702175,1.4347586741285623,1036.001369518736,0.7485500410423337,4.970713730203299,2.281303045577829,33.879227798193135,39.64497998298143
67.72699984375897,1.3796113403232186,931.2654386799862,0.9889682758989387,5.029217206852911,1.72771511214304,33.635725209741,38.70114276786227
61.98569711773476,1.26103753732393,738.2453204796078,2.498756784905132,4.830166992401069,2.1665395291928338,24.453586310570365,35.420398352991285
87.07770090343561,1.7804968548489384,1222.2394455672236,1.7196075539665858,4.762678265852535,2.212589304168502,40.290302089164484,49.758686230534636
68.09483523426378,1.4079368691720084,922.3047026001127,1.1576188625819657,3.8469779264973063,1.6638425917555526,37.73926179025849,38.911334419579305
64.8456615911989,1.157474381807319,700.8777553449731,1.4155756462814812,4.108941113905122,1.7665908947211062,26.810339882590533,37.05466376639937
65.73396711620882,1.2890782756565888,693.1432294231093,1.506764694618067,4.10112724241739,1.2651751826964155,36.09820069098514,37.562266923547895
76.98019025202797,1.3687247422229267,1167.8315468904784,1.9262389531573647,4.8546928232935995,2.1075627580657024,38.11360694659335,43.98868014401598
74.72027751815033,1.4973162236055755,643.9222877829748,0.9452921684542129,5.799288748440689,2.045126354451263,33.23219806741599,42.69730143894304
75.35390014145881,1.5067012828223572,1072.0342351482673,1.1270390966036952,5.146257348310439,2.4049390906370824,42.28407926964497,43.05937150940503
75.5976860292801,1.5997067297004408,951.9322241122433,1.6458440302911708,5.462347239829674,1.577072167237727,26.266991144397952,43.1986777310172
102.60872020578401,2.1879947704423075,1777.513385132421,1.4499476720413416,5.4992455700929295,3.195814682844442,49.226736229165525,58.633554403305155
65.09989356870868,1.316322405187293,817.4941916987009,1.8218677165951247,4.4050207393126355,2.1536657704682636,42.709397654230905,37.199939182119245
63.88122965394052,1.243590469024402,985.5755261853109,0.9875856261463112,5.117994798479065,2.2717149341547365,40.94169507913642,36.50355980225173
60.53261146282394,1.2427651767622707,773.3599269457352,1.6936178441687448,4.921359163363784,1.7787478048157328,33.36082033264642,34.59006369304225
78.13896672169376,1.5188888647652776,1093.6090709453163,2.1739301492852006,4.847732760534307,2.5455682823177277,36.25652366882907,44.650838126682146
85.63486366554646,1.7125685716164372,1339.5717455474842,1.769954052325081,5.965195652506088,1.8478858788897383,36.85605433353788,48.93420780888369
68.59008436314873,1.4467759211361004,866.0899897091515,1.5726381765452573,6.947463806499654,2.2023048367680556,32.8735628712628,39.19433392179928
60.248096846500246,1.169235654723171,987.1883831741868,1.4518963912327372,4.455614591141929,1.583937962246707,34.05426794342453,34.42748391228585
60.41697263251108,1.2620306416569944,693.8573696387265,1.1293778059829904,4.0168989845776695,1.382957323874431,27.620723267637956,34.523984361434906
78.62342416462948,1.6310104265204453,1136.5041417734806,1.4637329650523692,5.30881495211916,1.829987909340911,42.99324896304481,44.92767095121685
79.9351708385578,1.5184221024310272,1292.594904984268,2.3017919235676367,5.6035901349408785,2.2112401864367763,53.990351181214145,45.67724047917588
77.12941255799926,1.6258222588897986,1190.0893642327148,1.4405179100123355,5.251515401502257,1.890528905368426,37.2779942481802,44.07395003314244
62.15660835953105,1.2908865912068406,1200.2787238884844,1.1084761889190264,4.551246686591922,1.940387533792497,25.939660268647373,35.51806191973203
72.9629372283037,1.467306767479826,873.1126139216856,1.2688757314265628,4.1147519796254866,1.5545480846668343,29.251742641435296,41.693106987602114
71.47383809359775,1.371867529924904,766.2426696142285,1.6059924320665615,4.368320504777505,1.4561655899114707,40.14652287238729,40.84219319634157
72.78761507363318,1.3897994523778139,835.8326222389005,1.3211376665554788,5.029645374147823,2.5529852882945145,35.70474367216183,41.592922899218955
81.78580554062884,1.5889414659362204,1262.0277361305652,1.769042589156963,5.475446602532398,2.5891533490982304,45.11930260648211,46.73474602321649
72.85142098160505,1.500319083051014,1092.0071528172641,1.7917628228894067,4.715023559531205,1.7486418081626796,33.17378981265037,41.62938341806002
79.02204225940737,1.5010091144138447,1103.7012035522848,2.0292472715029324,5.326277428217156,2.1893426051358205,43.65397638315541,45.155452719661355
70.84983495675573,1.4508478311603323,795.1076858218189,2.4336400711895414,5.093878322034899,2.367388502406562,34.45379193988716,40.48561997528899
73.70881791922885,1.3786343945587007,1159.2142751091103,2.104327752894543,5.973802619586883,2.219956569491309,32.440417022428235,42.11932452527363
78.35286335661989,1.5498959901638378,863.47819510709,1.091858255743963,5.3572626334966635,2.2275334768879254,35.770472124861215,44.77306477521137
53.962817039163134,1.0856608715494576,910.2174057706361,1.1033144162592636,4.378744293632108,1.9531205857739553,23.874615016155364,30.83589545095036
66.11611392737414,1.5088238157647638,1510.3472503912067,1.4618568585659488,4.401061762481622,1.7090748411400574,45.78436767719231,37.78063652992808
64.36063497363044,1.1950144425811893,942.3495972929794,1.2867158633503666,5.134573545690029,1.8870843100075672,32.37109942580106,36.77750569921739
62.4529025716598,1.3523186517385355,950.4871587038473,1.0186760209012404,4.868040016368897,1.8308701159254142,35.540607918517814,35.68737289809131
66.6439256096008,1.3436993233946903,836.9743582160816,1.2908707107188342,5.5185827565643,1.8470717597804662,31.01466396351635,38.08224320548617
91.41800876799405,1.8693795960309811,907.447845448417,1.2765482858667414,6.830041247960153,2.298688995773404,36.26647473730422,52.23886215313946
59.97251296129068,1.2071346220229027,738.5572108129587,1.1937242480020136,4.8824134219524105,1.80145922734505,30.04753498373545,34.27000740645182
83.21252227996143,1.704671814274233,938.8735593147484,1.3473181094970068,5.605279832985412,2.2892177147604977,47.34217121808078,47.55001273140653
51.83109004291603,1.0280606902173213,548.9683980088704,2.2390825237809464,4.1470653934477,1.354796869088882,25.750547671757094,29.617765738809158
65.9367409855365,1.426372298699991,1229.9029917995078,1.6051124797360437,5.646669753705537,2.1680055935968965,29.201753373788872,37.67813770602086
72.06421349385971,1.406216928990185,1037.656278920907,3.47546661594131,4.614305695805773,1.7543603835915833,36.652461483603254,41.17955056791983
77.72486587654323,1.6524324104479982,1140.7177645540328,1.5895126255599283,4.901686654804976,2.0906933256318667,40.93449621794364,44.41420907231042
79.4793205804697,1.5352655542501603,1031.483877009318,1.3591513764669825,5.658108832157682,2.1005019265495553,49.78752400874305,45.41675461741126
80.65339603143737,1.6078319795205303,1072.480937059158,1.5021088713839539,5.933969928245951,2.352438849899232,41.13963682752469,46.08765487510706
65.77398773944986,1.2415462593990774,1071.5906824782146,1.636658503907461,4.194324657102826,1.3698862086061756,36.945841632124704,37.58513585111421
64.45288228139346,1.3211001557947732,878.835862645783,1.7391992146801079,4.645106376393851,2.1612487728907745,36.81922226227115,36.83021844651054
81.58957187635073,1.7641314188085506,1230.1654455014636,3.0386693940199345,5.526907115276369,2.0179423855163146,32.778215062042406,46.62261250077185
67.64913677909176,1.3473468948294627,895.849767714476,1.1253655792518964,3.445420566972398,2.3596069723680984,29.3393984492585,38.65664958805243
55.74009394329515,1.1030208164437132,719.1288291332831,2.0087007795466256,4.072336286671141,1.5643187520653985,24.899119570821117,31.851482253311517
57.17561494408311,1.076762638727056,609.9256322332436,1.6097639970438722,4.191405723178973,1.7052736271923288,24.411229852211676,32.671779968047495
59.40101810971069,1.1734117950663017,572.257237715594,0.8793151929230444,4.31116583654071,2.3859228701843884,35.048344897695365,33.943438919834676
76.49854844166947,1.4039651364061199,1001.2489735357582,1.9492710337740542,6.670281701401078,2.0468788371647197,39.1473911494575,43.71345625238256
71.80310962043653,1.3670364855049046,994.713020786275,2.3079956234256986,4.213088202990599,2.4747673583374095,36.12071332430697,41.030348354535164
79.18549752474834,1.6032097243345313,863.1347107398235,1.1208391540116356,4.820261140663281,2.207217327636578,25.58401167237837,45.24885572842763
64.8581125677446,1.3928525871561797,884.0237847161394,1.4954514588151118,3.137150405923359,2.0156774029613422,45.5989454813861,37.06177861013977
72.01001495141166,1.6759315734086058,997.0906459472185,0.8343939469155325,4.736931369507238,2.065414024820518,31.080935542129563,41.14857997223524
78.27318416989087,1.5166887792946695,730.4429543075854,0.9777982075335483,5.110451511129766,2.483450666984332,52.47376485472883,44.727533811366214
66.23812113553115,1.4314428695366865,771.4586574427839,2.1419806801908323,4.429021677467892,1.7235866298112021,26.764062554061024,37.85035493458923
75.9488620128401,1.5390884008211334,1120.154831576111,1.2800665555145374,6.321795245477811,1.822632260474126,32.76469795513459,43.39934972162291
62.19639774729385,1.2338170420054495,914.01872603121,1.0289512011947044,5.235734073722746,1.6562206592306066,22.68885541234031,35.540798712739345
65.6059104491486,1.3431073972323337,732.2306164626352,1.6216879855282595,4.8211052966439665,1.935050397567542,35.28336572197797,37.48909168522777
65.38739056774175,1.3121243778614884,922.475739907894,1.2559306973596527,4.483030245478902,1.8357565767426345,27.98971689716578,37.364223181566715
56.54052810378988,1.1375669387297704,930.7251095280003,1.2781511137994808,5.002413737788253,1.9044204228391202,25.209768854230443,32.30887320216565
76.35950206803956,1.493908038405768,1203.0919427213416,1.9285928791593612,5.320477313012864,2.618503055362404,30.135921911940603,43.63400118173689
64.37178745714314,1.1938811591607694,867.9191761943518,1.0106027597270841,4.130854223287042,1.6120849651508546,37.12042656615688,36.783878546938936
70.15634699174247,1.290988474280284,885.0102048208782,1.1026279840232853,3.828435400275221,1.7859150755604758,39.18880542076428,40.08934113813855
76.27465834840251,1.5802250831045812,934.8617058543035,1.5806606065467526,4.97656735326461,1.7035390901909715,49.56976275996274,43.585519056230005
75.81005941329288,1.4937310626491238,1130.263682133876,2.085492507342917,5.973713390593091,2.917642105115963,33.3751627084663,43.32003395045307
78.83137625562767,1.5267216377665025,1119.4449660500327,2.284994801771437,7.806138664273487,2.2932060573504662,39.59540573648787,45.04650071750153
68.77972318123734,1.3762259644894603,1055.4661904202235,1.1964811465160392,4.982304142821872,2.1277474787447868,28.228462587037484,39.302698960707055
64.90392594771664,1.3549712093561888,911.3203421889543,2.062906363271197,4.191009982460443,1.532140467968816,31.381294300209884,37.08795768440951
69.01060558047516,1.3937106955577503,1095.4302602736384,1.1490146766223472,4.10937817531982,1.978398642513568,31.927053518130155,39.43463176027152
51.78978461160548,0.9997687618260256,722.3588754886649,2.7906216803221464,4.348635308453011,1.7278643492146746,30.026326155695596,29.59416263520313
54.05968137372927,1.1551581522114225,852.9033482635642,1.0202548252955392,3.124913928799034,1.5837200080022242,33.80956688606043,30.891246499273866
55.27411321310644,1.203814935418615,885.5801553190142,2.3562385406530613,4.565115906524546,1.9825642699627182,34.23823217733358,31.58520755034654
58.58155142149013,1.2033188418133882,695.8930090290148,1.1999741972004612,4.972301377925049,2.512996313584489,26.83913005597978,33.475172240851506
75.17973728135367,1.584705045699166,746.5367534759922,2.9738147389898635,5.647829433091067,1.8192739185421603,43.17166046987015,42.959849875059234
59.54941812740579,1.273540153617557,1075.8448321325811,1.8339606653040434,4.279286880707219,1.509663875002562,30.789711907074754,34.02823892994616
65.42914968392166,1.3908649409312004,939.3956152842987,1.0619233432574955,5.192555825420482,1.6571530289473302,31.623211183442365,37.38808553366952
88.27832411179882,1.8250526045754643,891.3899295757458,1.2560049664855744,6.111641931832754,3.060489745315901,37.279363210986155,50.44475663531362
65.68550244431974,1.3568182760196694,793.0225390324799,1.956229420665936,4.220360871575928,2.244764754968323,30.568959778923702,37.53457282532557
79.8533011990036,1.6424835516890128,1256.9715419998283,2.14534357701454,7.373307158728002,2.1612876031835793,50.74713516838605,45.63045782800205
59.250954737244854,1.1168874828305142,772.9998629280293,1.464371499175994,4.175993776992877,1.77506151524897,32.408928376281104,33.857688421282774
67.47862390333262,1.4015788745003364,844.5564799111647,1.5229453459042135,5.4923593542211835,1.71226197954588,34.993693067684184,38.55921365904721
59.07764601682038,1.0981961189447877,1040.4847473258994,1.9411074786022264,3.0150166149200377,2.024325674663104,29.579009539952263,33.758654866754505
65.88791944178979,1.2624508656055669,749.4819103691494,1.5687333308606772,5.834838959127872,1.8008768880323054,49.049356553845264,37.65023968102274
81.33257244548943,1.7451924819070634,967.2536225930925,0.9663325088491166,7.041991811470807,2.1489391494275765,48.046433150834396,46.47575568313682
51.4213132757836,1.0761271254373648,732.3345476687443,1.1378081657244206,3.985951697690936,1.7456254582106747,24.80744697803856,29.383607586162057
75.64633463995656,1.639361815321879,1112.3491536019517,1.6248109704638143,5.783945691125523,2.0583392809629846,35.541382427979876,43.226476937118036
73.03559942129385,1.439454527261406,1094.459087274598,2.267447292487056,5.633351418286028,1.9901406470516743,34.940613051015184,41.73462824073935
62.953706658260536,1.1831737971262541,1015.9249597297136,2.598151218323189,4.175555228214956,1.8500837014993003,33.06947332250824,35.97354666186316
54.069862852880455,1.067457660434074,768.2956395745125,1.9551312953977347,4.488051451895151,1.8663513196922261,25.839830746747822,30.897064487360257
70.90742797376319,1.4259779647008304,1061.2482411236945,1.653883840610835,4.448282052677856,2.6131146274476547,37.852562574288974,40.518530270721826
63.684760457952635,1.279135648681464,833.8863366860197,1.9348231946717187,4.234363318841328,2.0419076395388283,40.92495016394851,36.39129169025865
72.96964590084849,1.551457369249876,1011.993511356433,1.195794323463307,6.153410588262082,2.3397781896093486,29.396598928782286,41.69694051477057
70.27367872064194,1.3783400406312636,982.4381774325043,1.4238663738142332,5.841184737939914,1.944080952245035,29.42012178513296,40.156387840366826
93.17879387637866,1.8993147856463315,1327.9180818463972,1.1335010947285191,5.547699247784914,2.218585673928983,40.21479510249092,53.24502507221638
67.07116470100829,1.2717376591783973,1055.8932888167076,0.9811490737477473,4.316957692708068,2.145695851457692,31.655692508640023,38.32637982914759
58.307592779209486,1.1948357754859544,882.9787075240099,1.6800966739075203,3.940495618160344,1.7911903011719326,41.725316330184846,33.318624445262564
72.27714473255637,1.445785389676825,999.0868421470329,1.5976411594323072,5.74386333645479,1.6396189880777852,41.93669919170302,41.30122556146078
72.80461888308244,1.3983541589513073,864.1394940473174,1.8950113365395285,4.403357199046263,1.9566924817987001,41.788942755044225,41.60263936176139
89.22857611411872,1.7620058125474747,1238.582980099963,1.8059913596302997,6.342708718935581,2.368366266159793,40.28563081388753,50.98775777949641
81.2571313522188,1.6090715424447726,1108.8221194749403,1.6289722487475748,6.285145272163221,2.064905729961654,37.42624396826757,46.43264648698218
74.60597902830168,1.4705255995222184,1059.0785935512306,1.812452083900613,5.172821920242436,2.6455697339507047,29.25053088770832,42.631988016172386
90.90299168023638,2.000411107875556,1848.7105116877688,1.4783926799403522,7.124379685789162,2.622774154087838,48.119713154358045,51.94456667442079
56.612020475690706,1.1262416526928531,707.070815803692,1.7260281206671102,4.0657447579836745,2.114658398497032,32.23363387021301,32.34972598610897
62.44315997570694,1.2325348387419883,923.4361392198347,1.1718931306552223,4.4383508292819975,1.9130596199328214,39.29016566360616,35.68180570040397
59.32550507816469,1.059541637327374,984.6334799999212,1.700874399039597,3.7900211235572403,1.7892479209692447,29.911817684653684,33.90028861609411
65.29321058089441,1.2443496221675932,911.2579545661637,1.882660936032277,5.5647806258361445,1.6394000700635356,32.490544548044184,37.31040604622538
54.74381900717232,1.0794437227910536,1139.75043404795,1.1946036461106293,3.687971809643977,1.6663598269455524,29.892070816378286,31.282182289812752
78.4069262523855,1.5111639402935046,1005.1026478510921,1.5266638218659132,5.750303411054397,2.1820250373546974,43.81713958702308,44.803957858506
67.27667486679975,1.4496881874771104,977.6221920052551,1.2134632513288715,4.799506650499443,1.567345119495766,26.989419309014426,38.44381420959986
53.83144150989474,1.0670891795659618,640.1198175317636,1.2541839097949181,3.48218908372118,1.5094018890945622,32.25229863656037,30.76082371993985
58.39009612420439,1.25188276690186,752.0581126609186,1.0233259429176882,3.9672752667936515,1.6595227281800835,30.45128061808549,33.36576921383108
74.03059714968109,1.4855500419859735,1061.4253115658275,2.306545681869314,6.474651975601524,2.225227399444134,30.926718171958704,42.30319837124633
81.30089498972347,1.629287592582225,1296.8805479065968,2.154875121754989,5.773341029950532,2.405148129802059,28.255219815573916,46.45765427984198
99.98753949138568,1.9901918668356022,1451.6606217869414,1.8006715710600754,5.578289222325995,2.385866961641852,44.763708750237654,57.13573685222039
117.7795958894627,2.356074506404381,2022.4997076060217,2.9326043846959613,7.748293955020143,3.1796848318434128,64.85845955853108,67.3026262225501
75.37646636800243,1.6540378470524164,1016.3524594307486,1.4065405320845092,5.165829463981804,2.05473142078706,48.086269251902465,43.07226649600138
58.662245689994826,1.0352112696466769,758.1794023646343,4.204177085834711,7.520231417370709,1.1178684479359993,32.40954952765181,33.521283251425615
47.836169720257914,0.8587771974889717,1063.2257320084973,1.3883542424856834,3.929590431519496,1.3933889652431863,35.76386406361751,27.334954125861664
73.42758527992352,1.4261333126011213,1080.4528956068218,1.6359361547233322,4.8827554040108465,2.4544464455503117,36.03459907380569,41.9586201599563
60.541601358383076,1.2117816124724468,730.1814790682944,1.3102854168508244,5.6004685752604875,1.3785199102629488,36.441242756158,34.5952007762189
64.99602565722184,1.3492402199410063,787.4434350285935,1.7023897281569818,3.5452984183368352,1.9254517015324308,30.848473605500192,37.140586089841044
62.75228091429728,1.2874970157076462,727.2726227308917,1.99276472991888,4.674990783101778,2.361560553079172,29.749713363177936,35.85844623674131
68.2620946786729,1.3372261717555045,1106.5840232522796,1.4430234262205723,6.704524769576881,1.7423386946474089,30.890167355846856,39.00691124495594
84.67701368885326,1.7892731597401068,1088.1305885719833,2.744066646791978,5.663319620252814,2.30768600419719,29.240726177202994,48.38686496505901
71.9908437184956,1.522122885934572,1010.0142548396262,1.6270380464388363,3.8928688962723195,1.6653815442174302,43.722258446950086,41.13762498199749
68.04493449058815,1.374482328048943,922.6645873622235,1.6444624734152753,4.6007402666688,2.5259632736475344,30.98998742636329,38.88281970890751
58.181161326299204,1.225665891290539,909.2500078465425,1.101267275831767,5.465318306078596,1.7184150607193653,26.874924813730612,33.2463779007424
51.90691719475541,1.0535244721141823,611.9738262929401,1.7293215298548346,4.237714190938519,1.6098863420711977,23.251216096038593,29.661095539860234
64.17775637280316,1.245249182328494,726.3507002674941,1.4331919143920584,4.108252155379928,2.3164023132411633,31.760694250646274,36.67300364160181
69.3309524640128,1.439827230984182,989.6799423480414,1.2198170232472825,4.459201835478099,2.2022721593045396,45.795944446570864,39.61768712229303
95.98474369841142,1.9311873377977404,1465.4810420515084,1.1520136179905855,5.804277189764339,2.209685353212337,61.55128204527653,54.84842497052081
71.64747967381611,1.4330531981351615,1042.706830350969,3.7199155267728594,5.383967173932301,1.8390917396204804,27.46216901893954,40.94141695646635
83.42767848439047,1.8065857269598926,990.1697708585389,1.3714917089191137,7.032397364897488,2.465107690461242,37.768589766715685,47.67295913393741
64.0290894922829,1.1219449390677962,991.0371398635162,0.9140950984557629,5.514118861899135,1.6965238463766417,27.842548187247385,36.58805113844737
56.65064298285046,1.0495705782956193,680.2853440307132,1.183069806557893,4.581957833290573,1.2251069029380381,34.86086073068861,32.37179599020026
58.91862152549147,1.1052582783480334,736.1733525871234,1.4739342735121916,3.567031782088837,1.742915935162971,32.16750498056248,33.66778372885227
61.49733054912048,1.206072201810332,712.5662005610415,1.8063322447992152,3.685633214380162,1.4395265354862612,28.748219533970158,35.14133174235456
102.36755210176096,2.0194151683871566,1771.0924342095886,1.8113309988300075,7.228033789375191,3.425370477137474,47.07604546598373,58.49574405814912
60.45036720353933,1.1145640088352258,928.312949069874,1.887914158921153,3.6284972666315007,1.8419345334098793,29.096280247491954,34.54306697345104
81.30615978419009,1.541936295232983,1242.2651181186704,1.2047259503562855,5.400132119016572,1.942060365581918,50.417122754626185,46.46066273382291
59.576559859977394,1.1374484864454777,1020.8706327400914,1.6840371907643514,4.646543821522384,1.5886127733216187,33.78585514582286,34.043748491415656
82.66890058522382,1.887823898790251,1873.4332369627095,1.1136674363760717,4.740414087125797,1.6856467371892838,44.03394564565858,47.23937176298504
74.98100372476051,1.6527408681521623,757.8317451644451,1.21509766827252,4.4846411604429335,1.7728639720185237,24.27467678085463,42.846287842720294
68.06920279440187,1.3314699869385827,818.2052283563273,1.0980109153505901,4.824594971162828,2.296211843221877,33.91696878606192,38.89668731108679
69.49233080067809,1.3628446714597913,853.7393000506489,1.001486813503233,5.380698847955694,2.8208641879606224,48.23026743029431,39.70990331467319
62.275727270699605,1.1706239373181857,733.6862153821572,2.153794415297767,5.408173177964321,2.052712063504243,39.45822790065104,35.5861298689712
75.80384644767923,1.3677430674377595,857.6243853350414,1.895629352791798,5.8369247448724995,2.0927511503316554,27.82547840763068,43.31648368438813
64.53774118510346,1.282639732940934,838.9742948492861,2.090642623978145,4.7589832484290335,1.7587373314684795,31.354311740706038,36.87870924863055
56.2407984657823,1.0658521838970394,620.6921083880189,1.5201805973898779,3.7753453084882898,1.4612341663786585,24.609368816137682,32.13759912330417
55.71769097168682,1.10926330858509,811.2394598751786,1.953323207948639,3.5631824421977,2.326643987991921,38.5535885510649,31.83868055524961
72.19088245822452,1.3243774888544104,999.2284338112701,0.8242632050174556,4.7236464715133435,1.987177059573886,37.21456928701631,41.251932833271155
92.80206562244067,1.781274680807655,1386.8673908202202,2.011462327116783,6.586933396555516,3.441130319949801,38.34562854248198,53.02975178425181
72.02868708486064,1.4521736275913908,1081.5668784548475,1.5930891585234868,5.3846839488351685,2.5413877743944284,35.94974305734823,41.159249762777506
68.5326549972555,1.398007860309662,1046.7292067588553,1.8564089501191245,3.542521074308697,1.4989440825943188,22.904018938654307,39.16151714128886
73.66548489882301,1.5068757123301517,945.1029688844616,1.7068503064420988,4.593904846476556,1.872324850414624,30.685545971144517,42.094562799327434
88.3851625659288,1.6461292142211534,1770.3073578179963,1.0724297105651024,7.191455281600156,2.1453958393791543,41.92823533912884,50.50580718053074
72.7966346365369,1.5246519554749653,1041.0336994641625,0.901426625080737,5.2133299396899755,2.0340506531067795,41.14521762441091,41.59807693516394
65.04746157564425,1.2459698167598146,639.685614903792,1.1775197489051155,3.790853641000042,1.8751192800286538,24.445072269736155,37.169978043225285
85.28869775354767,1.7650312469968084,977.9795064155944,1.817573503426609,8.384369081573652,3.7073857543873254,38.23852441215789,48.736398716312955
75.56982108218448,1.510529022700097,759.5290587715909,1.8965831172755003,5.2715730620410435,1.789512773891725,43.41572574822936,43.182754904105416
92.08671140027266,1.7099032935887915,1266.8187102658171,0.9421870536688296,6.522623227252882,2.5463623479308097,34.254559572057495,52.620977943012946
72.32825634920512,1.4220928434887674,970.58843094687,1.0746031540862917,5.454918662305756,2.2573524872579633,37.179710164897884,41.33043219954578
56.25221554374311,1.1474449686059984,709.5550464257622,1.1730524546320182,4.006462041236697,1.6970878356633463,30.01472505295751,32.14412316785321
54.827237186316694,1.1334205916067048,1076.7583422366713,1.3284372872841221,3.7147642343706684,1.6941198077207495,38.11010506706605,31.329849820752393
94.00016721867914,1.8657549137414677,1421.9221358959408,0.9440758915381561,8.694214140720392,2.118477763129546,42.11586094201038,53.714381267816655
95.22905863744306,2.0686950186942727,1486.7984750847581,0.9250149640286491,7.369267620543758,2.56166782140376,42.91960782913222,54.416604935681754
67.79164972501498,1.4315846878497418,787.306817720705,1.1343859151523652,5.551447179459618,2.11521710189115,39.061527042375204,38.738085557151415
65.37046919855948,1.2894275690746753,750.015826849658,1.5446326695005,5.198289042434659,1.9999257380058646,27.01542664370684,37.35455382774827
90.87282738995658,1.8925310585355188,1254.473597618803,1.0041439292012455,5.197131284177849,2.659474592296054,41.12006456238451,51.927329937118046
57.44416129673067,1.2752461325953217,812.5234569307206,1.4420980175913847,5.265395077964562,2.151165946200856,28.099427751885575,32.82523502670324
59.663860416489776,1.3264319490905978,587.3896853914069,2.149656815740614,3.8869725609134713,2.0544121719730883,30.379765272310365,34.093634523708445
78.52147902302659,1.4697399372943993,1042.7464785497395,0.9636180818865445,5.6970030930868365,2.2044214386744185,43.56752678174378,44.869416584586624
65.23732484536595,1.2411177626388035,896.9343085217442,1.3983405316688526,3.669173764642173,1.5791346730109965,36.206793667153335,37.278471340209116
69.93600750646347,1.515408275365907,922.9731438766155,2.125101596736034,3.630185508509983,1.819458100215874,31.10803849035628,39.963432860836264
67.98653881337752,1.2842580253451639,806.3380315679342,1.301190327925173,5.141643933220808,1.8905689706456883,34.98282735013421,38.84945075050144
74.34935004480128,1.384565934039082,925.9958670372222,1.2342365015705616,4.608923816843791,2.1768049783585512,46.240953263181986,42.48534288274359
90.00139013591077,1.7534174935026903,1195.9330268746492,2.227728370646368,4.421852203191088,2.240654948863878,37.103328052937215,51.42936579194901
71.14149071868633,1.4554620951001713,991.6028310175869,1.3517163590959218,5.507960772594893,1.7485776834825562,36.24145109109524,40.6522804106779
78.5300605372979,1.561946945789333,1199.8062629922233,2.1834926876991165,7.595431182220267,1.810115764508272,37.016031957195324,44.874320307027375
48.54067334832941,0.9373244434599306,807.4211563389101,1.7354852524174837,4.722717928756125,1.1736379366289833,26.335441582689818,27.73752762761681
69.39367611334345,1.3382887718460414,902.955237099214,1.3349834996572432,4.771371225595983,1.915242551122049,26.93877095495926,39.65352920762482
60.21503705412653,1.1588879677447808,761.2072694634325,1.7656704881333338,4.472254620444607,1.4192968023679184,38.98798858347411,34.40859260235802
56.30905729721872,1.0739822196017106,835.0105167913435,1.6726317916364322,4.8801021918056,1.4525183539731843,26.33513825892381,32.17660416983927
59.840708322882264,1.3536188875199464,915.2534152052706,2.1223049072307036,5.298823016009965,1.6717658937319808,36.538212364384655,34.19469047021844
65.94570864568408,1.340258768698834,836.9262565995557,1.2449074900532806,4.530872713992003,1.5515900358731172,30.366273717381002,37.683262083248046
82.43789737270657,1.7295692362864696,1301.9540355573738,1.5211591549217789,5.682836361108478,2.399486215535658,35.87700172950808,47.1073699272609
55.23767378117786,1.0759793288948838,902.3522065294185,1.468958352784934,4.387929526104854,1.880205989215593,35.43174611723605,31.564385017815923
70.38393331116886,1.3936241552334507,1215.6761368607588,1.9056674860896599,5.47527179662873,1.8427228992997755,41.059789095991526,40.21939046352506
64.20226805334038,1.235544375783407,1209.5771156649998,1.0586208689808039,4.5894679796454305,1.7504870695359906,33.891671055913896,36.6870103161945
66.02170994530948,1.1443909723096444,775.6553624572902,2.1194889430914357,4.696213366435324,2.082128448408096,37.73590152405609,37.7266913973197
83.72643364594298,1.554530229270851,1151.1014508948451,1.757668682942487,7.097383505400643,2.0455685132352395,38.262631507872776,47.84367636911027
77.06004509974349,1.397744232664432,1058.9538775317328,0.9586696567059464,6.493741741409279,1.9015860082920568,37.56622918951434,44.034311485567706
88.88207289596092,1.5744209649941934,1197.7927927626833,2.261889304201208,6.444849926440752,2.8850836099535537,37.7464464239658,50.78975594054909
68.09512466509761,1.27682970425405,831.6458610823423,3.2056660165967736,6.409930531528575,2.2498472383809296,39.49502454411519,38.911499808627205
61.81974598519507,1.3280282893239028,650.270516789358,2.1086064437535925,4.287658865048542,2.0019209589487237,28.605513773287562,35.325569134397185
67.25702238143704,1.3419189249046048,937.7739908947758,2.4364754287890444,6.255816015490133,2.243559534834833,42.85611671368591,38.43258421796402
73.09772006550003,1.5673932521548333,873.9579141013414,1.5441693793059086,5.622844358964161,1.5160496038395077,34.41130155000452,41.7701257517143
72.24227671129543,1.4772456772688205,1006.0822115467236,0.8527023260527747,8.543061453834195,2.5312646494393363,35.95276631934764,41.2813009778831
57.67704556182177,1.203295068317275,686.4320950457878,0.8013777401809171,3.5878186106231174,1.839129020771331,34.08609248003274,32.95831174961244
71.14028230259437,1.3552930451203085,801.6956427446805,1.63587425556753,4.54328046816198,2.3714222712736373,35.55933024500834,40.651589887196785
72.91171313414397,1.5000509179940489,1042.6546707724874,1.2265784971466767,5.5044698439672,2.1909112287367734,34.442118160241506,41.663836076653695
109.73113394197077,2.282638609614038,1545.991591200264,1.0991808371906775,7.454164190859365,2.8234487705485027,48.80348514868037,62.70350510969757
97.86978146687888,1.8974265863092161,1488.4886356569305,1.4683437721687969,8.723862880753863,2.4630693542415396,51.760116520656275,55.92558940964507
60.10746839383195,1.238999603193326,1217.9146496371552,1.8491505833298534,4.017027685632564,1.8895669881253332,28.143512364703792,34.3471247964754
66.49841048911377,1.3712283240997871,958.2712300384375,0.9154097970296646,5.543369269988952,1.8328267757434464,33.01953998271119,37.99909170806501
53.902277495408036,1.0465462781148887,806.1182067921304,1.2877212965835731,4.930367493829347,1.8832693680322468,28.817026867230016,30.801301425947447
62.992422240430244,1.1857862607176617,712.6821577552528,2.5061021846968945,5.158419204175676,1.4415209061345549,37.02436861265217,35.99566985167443
74.0582461929943,1.38948406207165,807.1347900385338,1.0407409807949137,4.487405618886112,1.916764220249109,35.94486148724646,42.31899782456818
86.81860634239726,1.7444962836260707,1579.5577374751847,2.0160307883483655,7.32503080852762,3.2372695806747602,54.59304806917994,49.61063219565558
61.45498140025649,1.2509804097873627,714.6835703660602,1.2721219695002368,5.497145521964621,1.6446049251194799,30.975648216739696,35.117132228718
62.28285869028673,1.1935093437663447,708.89702980792,1.805796097973401,5.0313474247671,1.765047848650506,30.893173281050377,35.59020496587813
47.70614375249801,0.9554926071718005,649.7037261838525,2.1781790467239284,3.8723030208020948,1.3065826416993578,25.559244213585245,27.260653572856004
67.99597210102371,1.4024378444940044,917.6179426033646,1.9298754961572044,5.068510124779525,2.0625314636904775,27.867495807794008,38.85484120058498
57.90380169143662,1.197358688443778,675.9121866911471,2.043213205240471,4.283749868944195,1.5459072420320812,25.810429870591,33.08788668082092
63.6853663802677,1.384961491224677,827.1075091700878,1.014092236522226,5.149185948386368,1.8097469561062958,30.00530435798637,36.39163793158154
59.85451128743489,1.2824862475624694,1022.3721412183745,2.1903058141779925,4.4677182317966535,2.0311287312712722,37.17783240736579,34.20257787853422
68.83160789144911,1.3042258787071255,817.4397530131222,1.1225486641270472,4.323169999670809,1.770286321270943,34.382183065881314,39.33234736654234
51.14285936147412,1.1201329224639265,546.8622533227128,1.6383561743672268,3.3531195744788116,1.7881634155412747,25.638098007469694,29.224491063699496
53.86760681765687,1.0469220134162673,874.1775562752391,1.637634772775903,3.6518817921139095,1.8689585566043863,34.84364110189571,30.78148961008964
102.38176317588176,2.1664018584387783,1533.1115607229628,1.7689339110932545,6.885168889176,3.137561733604027,59.34236081202743,58.50386467193243
55.623401253327145,1.1165567268962637,682.8244957582472,1.6820440207368732,4.1904155960245735,1.720695373486868,35.85354270636906,31.78480071618694
57.54950215327078,1.1256747252806225,594.9995452062365,1.1259435722995552,4.4649574533813485,2.868055062925552,26.44114470302295,32.885429801869016
97.17441524101991,1.7628642004174735,1166.753413651416,0.9479939992525124,6.916033706875751,3.016897549932469,41.42286013274017,55.52823728058281
117.59476231226809,2.3302224858159315,1597.051074440974,2.0178048469947236,6.687910158183293,3.1051568146776836,68.60224686727247,67.19700703558176
56.786127026748034,1.044066978635458,958.9900640342358,1.5978156512394728,5.376106105950665,1.4905287789530801,31.068447431772412,32.44921544385602
65.54507767618281,1.3811427681669486,747.0086606807199,2.217061815017455,4.564064851617678,1.8750513991388518,31.948872865993536,37.4543301006759
74.40222198753031,1.6149596776149497,1005.0890101746368,1.4773628662054084,4.890692156971256,2.6173486933669747,40.99862045275465,42.51555542144589
95.31466380229753,1.8260566241398006,1474.6564062025045,0.9303404532199102,6.796889785954326,3.2945430873303136,51.65273323293071,54.46552217274145
58.69033670988665,1.1930900684054209,526.1031343512915,2.083168403375195,3.286399337637347,2.2086777489215983,28.0427582433624,33.537335262792375
67.00027356046834,1.2885674088611658,1105.1483782961755,1.3225501348339883,4.275246571135339,2.1884844378129613,35.05258792074379,38.28587060598191
80.42315357019667,1.5548290991817493,893.0061382925023,1.6849322062595367,6.469613945166393,1.8233876263520954,44.9024955703948,45.956087754398105
75.65096031849534,1.5775916346439813,1100.865128764501,1.2036619942580826,4.037778721537067,2.287894109291762,30.9368284340528,43.22912018199733
65.45259660550188,1.3063325198464326,938.0597887942993,2.6232839380638193,5.663272362627729,1.5658769328105138,33.344864216726414,37.401483774572505
68.34708205137916,1.5014757905363887,1137.6366759046657,1.1134761342519068,6.221824265548033,1.5564099717611595,28.875211768629914,39.05547545793095
54.761323161694314,1.0670945244799526,828.6510544852824,1.3374431119938297,3.9254126607161823,1.7271123536114572,24.959358329845678,31.292184663825324
67.08532125836226,1.4160441009476377,601.7833938606104,1.5558018684058408,5.069385856736813,2.102546709174657,31.04088014407951,38.33446929049271
66.74819232591256,1.3419995534425349,795.7058230129121,1.034781231804473,5.748503102884524,2.223054932202197,36.39234693336822,38.141824186235745
72.96304884017393,1.5232875523259537,1025.6379173922703,1.6783673360859115,4.7944641103942205,2.230131156092944,34.33046982071976,41.693170765813676
63.39164704355312,1.2376075970558666,839.6231526332929,2.5945573131513537,5.316971148527746,2.017758529692521,29.35535026940975,36.22379831060179
76.1493452926446,1.5189195305103445,1137.3088125905085,1.2696458759361269,4.794789392085385,1.826066815595101,37.58365110340456,43.51391159579691
83.87544586322895,1.667086522822936,1324.4145678825357,1.7156456060526404,5.313783652465126,2.253180525384291,33.49630615281308,47.928826207559396
71.97003108918189,1.3759061994804593,1100.2990300212034,0.5890910830218922,4.504733649165179,1.6129177699934165,38.217257800788914,41.125732050961076
74.53787189241118,1.5449796191809644,983.8593435532995,1.4802804530201317,5.5299770561960475,1.5321263475715172,43.796770438689414,42.59306965280639
70.66758882212406,1.4638236034186718,696.9614753638314,1.3485769303102473,6.036478364961194,2.261895986045813,34.81570610244198,40.38147932692804
70.00105489568365,1.445587670002567,885.0236913313896,1.1356737328609732,4.8580099699227315,1.777605581930744,33.907542016584614,40.00060279753351
61.537623846124596,1.3371780876464625,909.083027197658,2.166454603369643,3.7203084569148133,2.081502284125771,33.68895767288538,35.16435648349977
74.07000699756401,1.6019078663817106,836.0854221116005,1.3425385271816361,4.403244801986162,2.4819145071124438,26.581243226569093,42.32571828432229
68.7944492268786,1.3483313352734403,1056.044882956651,1.4121786255495214,5.24973635175911,1.7917136131972526,37.575425937316105,39.31111384393063
101.7242903369031,2.0758553277915164,1640.7574353187977,1.319486493745808,8.832490075273585,2.9033939228625414,75.28143219283102,58.12816590680177
92.70705493080143,1.792787447683475,1300.5426479802466,0.7818167926859556,6.56519435842094,2.226351712862164,42.38763939316733,52.97545996045796
74.99299581253024,1.501751334976594,595.1078509075469,1.0208739503320188,4.95575347294796,1.5775531266211194,36.175254012485276,42.853140464302996
61.08329181746771,1.1827621040268361,666.7745315892511,2.079605074942721,5.089505927507924,1.8409042836271619,35.50085553865554,34.904738181410124
57.38914734738819,1.2526387558570118,1102.2452092906226,0.732136112224024,4.14941638639438,1.6007277502807935,39.01406038530284,32.793798484221824
86.59084699013643,1.7661402520441736,1077.1118465167383,1.155998925601142,5.527561457659776,2.1897371015972436,47.82219886809258,49.480483994363674
73.36255049998594,1.4500899446551159,705.9532719933328,1.3094206395936272,4.45752271106739,2.8222899008637508,25.870579486423914,41.9214574285634
76.26644236624811,1.6268058862868915,1304.0701614147,2.713365408272627,6.647324422051331,1.6796723153498119,40.765808154084226,43.580824209284636
51.26302238276562,0.9119398520364651,704.7143841906744,1.9478833014392465,2.659972746716556,1.681079570034137,41.44237745000228,29.29315564729464
82.60788940211437,1.482010787602899,1380.014365081637,1.2411784191485984,6.414359767814367,1.93795120117257,43.6843561467829,47.20450822977964
75.91693166734743,1.584962488520912,1093.9316153823606,2.337121019859474,4.941670496990203,2.450228556704468,31.04598462100461,43.381103809912815
57.40944967301691,1.1519415606070667,854.511969148807,1.1661819242885947,4.040991189974818,1.8060600745788649,31.52402163057054,32.80539981315252
64.34739499856957,1.304458096381491,941.5768613017086,2.1138210090621157,6.117768101123374,1.9924782117718731,26.889210249988484,36.76993999918261
73.37523225304408,1.3661412788517542,1139.7599069436553,0.9450949332610552,4.631908436152088,1.7870320773012622,43.976034795666834,41.928704144596615
70.65890062084355,1.4114074110941794,1455.3128103718884,2.1604294322600923,4.526772111130145,1.7866308095658625,30.34842129893727,40.37651464048203
66.44158212744799,1.4805458750263554,1083.7156910190702,1.3065689147161086,4.710986763718389,2.2236862873738312,34.050365496805455,37.96661835854171
68.7183074716273,1.43686984341164,710.7048126015975,1.0574249730135112,5.261206109089502,2.6025230176043634,30.181066049144228,39.26760426950132
66.92016800887748,1.3507160572129355,993.9604877846901,1.3932645406326616,4.511029338440137,2.0846199945524577,31.06441766873994,38.24009600507284
71.93319770742664,1.4049802119867645,1209.553747179791,1.6483011254198774,3.9888543199551276,1.773757826376543,45.07899335629832,41.1046844042438
91.0360163729662,1.7823643712891688,1547.5928173141303,1.2677972612359107,5.317455070701097,2.568374720109782,43.319930898105596,52.02058078455211
44.26412961166467,0.7891953697802182,562.5247233759746,1.8108119933789943,4.333053724695393,2.0738232491796658,22.7387881574043,25.293788349522668
67.10117739346212,1.360811266910991,1133.0408532565193,1.230330592038143,4.90092001450548,1.968870082114881,28.34238055648996,38.34352993912122
72.2414906217558,1.5122738737763308,1169.2488377636394,1.8521621979329104,5.494177311810077,2.5744028787913686,26.735668382005617,41.28085178386046
73.7993566100396,1.355683143874922,1602.235127151938,1.7433237888858262,4.993600128937029,1.853174178291939,29.937697459715633,42.171060920022626
65.50218854586588,1.2641121697475566,785.7164722994723,1.4692543132973235,4.290459806787851,1.8903281271112784,33.88813544557029,37.429822026209074
51.152052971991885,0.961098887436381,640.747619296209,1.2910065237257313,5.138538685952008,1.7417007529321393,32.25008354860462,29.229744555423935
74.22228379019886,1.4090988658870456,963.757488308837,1.579296814518747,5.072866127223469,2.2239175817563477,33.50047697093822,42.41273359439935
95.29173322061253,1.9113426677089354,1197.3230889793267,1.8085359798712477,5.87890404557422,2.2356130868320556,56.403476441432026,54.45241898320716
53.22872246051206,0.9513239337976874,622.7267477372501,3.0233046710608464,4.833645819345905,1.4347714988542706,25.472781165064575,30.41641283457832
81.67487737887645,1.6885495587177843,683.9341921067618,2.064339857888142,5.013081541311585,2.6209526002519072,37.85560411993143,46.67135850221511
66.0116647066832,1.375045749957808,837.6886626502528,2.090162664454685,4.359440584199575,2.3063591130293606,28.28572981795221,37.720951260961826
69.23764620127885,1.366116521954231,1014.2837262190287,4.286069118088243,4.967064435235246,2.5134076220417025,40.53740878770331,39.56436925787363
58.00227699817443,1.0147055836265002,728.3976665060466,1.7875739722341542,4.342587910873736,2.303702949834364,42.210735931277505,33.14415828467111
65.94179060388305,1.2497980075193138,1277.6857719298796,1.7686458692871954,4.979275205680669,1.9531195299928437,25.4004745567789,37.68102320221889
88.29119282711804,1.8872969161487387,1213.746192818336,1.9055812856751433,8.25623444551405,2.2671920519068443,39.45931017483066,50.45211018692459
77.67537365240486,1.3372466419544486,1341.4569105644955,1.06447156653034,5.697942760585291,2.6715488187216683,46.125415643833456,44.3859278013742
95.37619347849446,1.8720861408651859,1370.5235725630812,1.2899013586221104,4.345699739052929,2.8200895243444166,35.19306626973748,54.50068198771112
86.37879362354606,1.6210037120559402,1372.994436389866,1.2628847270801138,6.160763512092176,2.007806080333559,44.779023553977545,49.35931064202632
75.70934888405378,1.5813735740213313,1091.3852423950755,1.8693937519999797,5.334378103802452,1.8042601651239227,44.94131108117759,43.26248507660216
95.57434952556146,1.8431053687271464,1673.6503200204868,1.4137650990114328,6.358524389686588,2.728382575560858,44.75264833452592,54.61391401460654
75.70808457694926,1.547529188372122,1048.7055982252182,1.5721633548666838,5.510910437917017,2.0630584535951324,40.458486105391394,43.261762615399576
81.15384242147775,1.6733645074968024,1216.064972836143,2.170880946679721,5.561329918447359,2.2253150189834305,51.515437228932676,46.37362424084443
66.3894025651965,1.4660892225367133,972.0337003176822,2.0115055562209028,4.76588795224083,2.2734968062558227,45.63289917517365,37.936801465826576
70.83676401060741,1.4013054096624138,922.7311302376173,1.4197628854686175,5.552863096399089,2.2724899167790915,34.97243287151772,40.478150863204235
61.803397097774145,1.2614059631943793,911.1548581093425,1.1944762744938862,4.1836328919661225,2.243232158529162,29.329944574762347,35.31622691301379
83.52970516704602,1.5419451230317167,1707.2311156564078,2.206458980800315,4.921537774652665,1.6876250378451252,34.600502761353795,47.731260095454864
56.71785409810225,1.2096143469794747,741.1797016720752,1.951387569933465,6.854904719446083,1.7771455844199167,34.829810221741354,32.41020234177271
80.49517375886256,1.5451741726363026,1189.7968738741781,0.8688682329409781,4.963726779167312,2.4760574240108144,31.355574604710604,45.99724214792146
67.65702864809306,1.3128095772052288,1161.5227711075497,1.3485257458109094,4.950957058334382,1.5351810029833217,32.79506654978184,38.66115922748175
86.28375763496905,1.7236047115066502,1450.5398425325832,1.586817160573741,4.628221149025541,2.1116970795400767,41.6075783201606,49.305004362839455
80.04393705366302,1.4714059385931089,1100.0444923529597,1.9546663102654158,5.630677500700837,1.938939549105089,35.77217367170003,45.73939260209315
96.89255099779588,1.9619212592228226,868.2207582884374,2.043867517876554,5.513418874321993,2.5609397464953636,46.664355266643646,55.3671719987405
79.75723972369566,1.680631584379813,1199.5378716576495,1.6519819580925765,5.1450963833806735,2.845772049949513,57.665342500320776,45.57556555639752
52.867070649629824,1.0741875083562082,487.7942748217658,1.8301783316001943,4.770696878350196,2.223804861323355,27.820622152052593,30.209754656931324
69.1680888129504,1.2696973792079833,1233.3138334806038,1.5330629944265273,5.3353674439321805,1.744930992151306,32.40214462167587,39.5246221788288
56.781659828224555,1.1280715050969725,802.6460833009612,1.1929113364664081,4.671373614630716,1.856347853842324,35.06918467438707,32.44666275898546
63.812400912192466,1.3283863484725522,1046.1734146615076,1.372523783211718,3.5351987771230444,2.036450778267494,33.900873861335874,36.464229092681414
91.68427071712648,1.6569693621480859,1070.3078097134583,1.5097150855981143,8.16102789617247,2.6018333367081623,53.68039520816324,52.39101183835799
78.44029557622704,1.4804108370733833,815.2942924573174,1.4824205934748211,4.518803655552156,2.3186469800447136,39.11513690454945,44.823026043558315
61.78677236316349,1.295588717161236,887.7493892723444,0.7901644807726631,5.784075293385231,1.9099735838057321,30.656858042038845,35.306727064664855
58.40951060727266,1.1853407211344829,796.2524668311871,1.3104166338496486,5.122200260468652,2.274023086472264,23.112375896713623,33.3768632041558
70.41096778563053,1.4398750101851794,884.4925528848692,1.528935262793241,5.496995749623562,2.387181567524266,27.281023714251837,40.23483873464602
56.331714743953675,1.2455464162551197,784.3171373313997,1.3631750170097001,3.7160962196970546,1.439457916440723,22.310706394059913,32.18955128225924
62.094145382792505,1.2736822769331908,1395.8552568172893,1.379277953796002,4.679936558641325,2.070569425625135,33.94853522336259,35.48236879016714
74.0107128364724,1.5337058643499546,1178.109898776505,1.770659852781054,4.842870571877001,2.3979683095222755,29.485325868152852,42.291835906555654
86.03858824431332,1.9918156430030856,1423.166789907313,1.039443809413185,5.863279836608997,2.4526680737996025,49.7304198502858,49.16490756817904
78.03831921678177,1.5428632291124675,1244.3111165491932,0.862457423253514,5.216634278808489,2.590328138988659,38.15326337526924,44.59332526673244
46.49507763767999,0.8907149136096595,830.4499584194332,1.332569070972168,2.673691365826968,1.5154705336649357,24.78558871037655,26.568615792959996
73.90977620508583,1.5127153710158567,979.7942637436666,1.944912889599044,6.20775985677846,2.149617734726178,31.94503040915743,42.234157831477624
70.90621328769227,1.4521182032728808,673.7663949174826,2.6621384978210942,4.984777786463445,2.0580785953751426,38.95476787544591,40.51783616439558
75.36947908947644,1.4651497737023917,999.4100758276593,1.956859297818404,4.898747162829092,1.5413356853084028,32.61738514767807,43.06827376541511
93.41921254472298,1.7671448386153124,1481.0170307961962,0.9105972184104643,5.686971035577856,2.4522678815025123,37.24628124359756,53.38240716841313
48.427550833098245,1.0971179447419621,558.543519380251,1.3860728818556995,4.0117599306054865,1.3664580554775763,31.977995631168053,27.672886190341856
62.9879634178553,1.282174349131403,837.0539689290218,1.6367377334714994,4.016331932485395,1.5345872821966609,34.18187060489965,35.993121953060175
77.78990265437729,1.495520044947845,942.8643301001347,1.593344405675607,3.802119520005705,2.709489380439933,36.514535211666846,44.45137294535845
52.77695340280891,1.109018996993738,946.4570305134307,1.8018170236031084,4.311789319384623,1.7511249578604455,31.310078525840495,30.158259087319376
91.10849956928809,1.8114697737746703,1428.4103546106917,1.0982573027046652,6.6085429397193955,2.4257589160676867,42.709147118852954,52.06199975387891
74.75914853169965,1.474918787382963,1151.7678681754549,1.5334832455093366,5.0912357238467925,1.9233477633948617,39.04191192304579,42.71951344668552
81.42376967180661,1.6786415601988194,1247.7569669468337,1.7303939811471147,4.679206761300759,2.3464121814644856,34.49660192859834,46.52786838388949
63.215120481677346,1.1791686412049605,861.2028494603775,1.9860398759683981,4.696867277234138,2.1638282511407505,44.83443688519483,36.12292598952991
80.94797123883346,1.6500599520842503,1150.0051522030376,1.1406180872106801,4.433410563617559,1.9594829792641075,35.644687147428996,46.25598356504769
84.71469221159816,1.8785316151803815,940.1995921358383,1.333934599944818,4.9122620140353295,2.305936121438729,51.522378210790066,48.408395549484666
72.97227551139753,1.496623913676692,677.2843130666894,0.598297449134652,4.586488930424714,2.3636788359569674,35.0568668837988,41.698443149370014
72.99212191455305,1.430505450822864,1028.224803361998,1.2143465530133828,5.8881220048005645,1.5242236491904222,40.97983649297871,41.70978395117318
73.46210058229266,1.4295831175218983,1067.4860310464042,1.255076058372251,4.89826950364486,2.0551343552231294,40.71051388334146,41.97834318988153
59.99914013264157,1.1737045103770174,1021.1687377542203,1.0606361234133639,4.15248464406135,1.6658305007251544,37.30950337996514,34.28522293293804
68.18001466855699,1.3450409699863184,1237.9082197324813,1.5868693170474102,6.656941591165885,1.9202207396197797,30.084263618719334,38.96000838203256
68.11924309815153,1.3348915272046762,1236.5095049328747,1.4717425235637844,5.176786081559251,1.8115766579946118,40.58089043244464,38.9252817703723
74.96015837557398,1.5751941719651172,860.2135489852715,0.6959139997709319,5.550283146798592,2.151223047506749,49.19189147545515,42.834376214613705
83.68258584145443,1.5242198819270472,1077.680168925053,1.6140145967623658,5.394975841817644,3.0899847302376497,38.42679488123349,47.8186204808311
57.943916389161,1.214055855711223,865.8273304702868,1.0940558801068931,3.9523859568420154,1.6498375949875201,30.539351724994003,33.11080936523486
68.45473672705187,1.341329913492382,1475.460647110626,1.7692745369071528,3.491894298279138,2.058687477639526,31.711134423545833,39.116992415458206
91.19812873374585,1.8614425247179196,1629.077787637371,0.9701682411895888,7.0956732059843395,3.332762312850527,40.427999920832626,52.11321641928335
61.296018562143225,1.1535900164743975,1026.63359530075,1.515378878826482,4.855098210005498,1.6610743451040906,41.415796096731704,35.0262963212247
60.44104866802687,1.2986682801916491,773.449501121371,1.3623442451082834,4.3547704075527225,2.379973685554382,26.790007843224505,34.53774209601536
72.57499641508048,1.552416554971063,850.0950411676404,1.6627970896977364,5.028143773621867,2.056641551203297,31.030367130433433,41.47142652290313
81.39180633822617,1.7143461872002566,1285.092011557424,1.5649510450670021,6.2824223816636255,2.959921961552402,50.43053466088287,46.509603621843524
70.14296798726807,1.29275465290643,790.3151374374464,1.3753729384817865,3.925916396127402,2.252658386429061,38.65370819628557,40.08169599272461
88.74825844506945,1.8561802547991326,1166.3855507468897,0.8897868384095713,5.4470902900792435,2.5072891948998306,58.279133111679336,50.71329054003969
81.57235436471665,1.667480270442416,1096.0114269123237,0.9078327694295342,4.6941253352072705,2.2202503980014443,36.583031088076105,46.612773922695226
81.35453364028538,1.4920813178661114,1482.8129521580136,1.229957139887292,7.385245572874678,2.0303396982379005,39.95910740287646,46.48830493730593
77.28054075244273,1.5435856867943942,994.8012625126652,1.495783956283796,6.176303036906825,2.179774667309513,33.99244984501819,44.160309001395845
106.07404345469938,2.163624668939958,941.0589846989326,1.2198136156083865,4.837356803649812,3.1435360557749514,48.88699817380247,60.613739116971075
67.4819480572494,1.3907502216246892,1012.700047708386,1.8552117828813444,3.838198587069784,1.9418059271801875,25.79450370586658,38.56111317557108
48.946711732717766,0.9883428097286754,592.4982786402458,1.3641712525247445,3.7449143267516902,1.4553726330197698,29.792179646515866,27.96954956155301
93.2199914922875,1.8939303957455884,1288.2148967733822,1.0804956892093842,5.756525912778992,2.3839072974048503,45.64224310522906,53.26856656702143
64.50644930702889,1.3969053128721756,871.0685256345284,1.3646928803701706,3.8222019288571487,2.1972534223984224,32.62376954939844,36.86082817544508
71.36154465575831,1.5248465342824902,931.9905388705271,1.6197043201877628,6.877886775654063,2.458071680351531,33.40447412663554,40.778025517576175
88.4411921416476,1.5152895596747848,1396.75177432945,1.6751555171910308,6.257267927217651,2.1470524415832615,36.2583119647894,50.53782408094149
52.58255935739682,1.0337906431468524,548.4539869431142,2.840553495663638,4.345673604145073,1.4534004391938837,31.648108608161145,30.047176775655323
55.97987773991989,1.1096943428569654,700.019814547158,1.19491722608478,3.794244605343923,1.7948175328800684,24.64078315645132,31.98850156566851
52.591776947324774,0.9569466002000694,814.9644116596455,1.462996698181164,4.517904753840279,2.0499380826745397,30.600816257424185,30.052443969899873
60.74523682438143,1.2210948213963402,746.5565837717534,1.7338097270980763,4.235627558405986,2.151534222396071,43.541730339323486,34.71156389964653
75.71678382038823,1.6198939497403477,779.1145139649179,1.488103867032554,5.0731550189590635,1.7437980036120673,46.84125594892249,43.266733611650416
76.86863416908184,1.4498251336781225,1187.8710001709103,1.265270092177883,5.90195598966153,2.0585703690963815,29.664264720531126,43.92493381090391
73.53994333370083,1.4977412332724676,1232.5179071681782,0.8858679235663239,4.020639547867525,1.7940473705402469,33.392430495666126,42.02282476211476
54.39225735210115,1.0353922474011286,739.9815081343663,1.260883488377593,5.3133655925554395,1.5873512189038717,30.942024419995416,31.08128991548637
46.33913730711223,0.8937823912467623,447.7712701172404,1.0413022286121922,3.775780685496527,1.886860072824714,25.4054862356208,26.47950703263556
70.6827108858469,1.5309664221968589,1099.6002389883195,0.8340387828367654,6.154794202081009,1.6124230582855668,28.320042771260127,40.39012050619823
64.34450839300258,1.2497603184515325,656.083693513256,1.144517387616708,3.966615021670847,1.4572534721663537,34.899803666922786,36.76829051028719
75.98427423553464,1.5580650567058572,1101.1449896375348,1.0507645873635754,4.601823119211665,1.8681933888740963,37.16262025778749,43.41958527744837
79.34782413118512,1.4345422201871567,928.7199840513546,1.8292696069880008,4.579399369411077,2.2982110534102915,51.88442004348405,45.34161378924864
71.74947989753203,1.5866891541559374,799.9182832736036,1.840062437293306,5.296957359190289,2.245283471542194,34.26836532368763,40.99970279858973
80.17646030851544,1.6565323960296232,1016.1308780257046,1.103185087263053,5.593290326368321,2.371267727146606,46.52472389013416,45.81512017629454
72.92451312543936,1.4441978053302447,967.9031001560668,1.373007127200044,4.794348681066438,2.479065464877318,29.597802024344368,41.67115035739392
76.94934353211325,1.5875329603849382,940.6310776324995,0.7975397966642492,4.57995181473604,1.6292985615964004,31.989780607385462,43.97105344692185
61.723443682607105,1.144040138056966,940.3243483841256,1.2679733176179768,3.7314474945759986,2.1919493388973006,35.65682916789452,35.270539247204056
67.7905336138798,1.445145111187563,858.5177154626338,1.7178860753731495,4.844257192693099,1.8593713883774095,40.48520546976851,38.73744777935989
72.50336450661113,1.424936880488924,1184.5293429878577,1.9855450229659275,4.772689768293648,2.3025237118001547,30.933346350543463,41.430494003777795
81.0458128591556,1.6031650750330524,1168.7158826080888,1.1771223672169564,5.012852589502524,1.8146139582327023,39.21293057490784,46.31189306237463
65.2473899867435,1.270782637374493,790.0240277520427,2.1447678418468916,6.042884515891004,1.8987412853761785,26.745040682851826,37.28422284956771
76.82718415208272,1.4891465618134334,902.6801258651954,0.8960336778449454,5.292805462628559,2.22538419420064,36.48050750788841,43.90124808690442
66.75473259388761,1.386090368188659,682.1671357570036,0.9815209679484357,5.886390696921553,2.312805935591113,38.50369488950689,38.145561482221495
68.5460707435327,1.3899836592322832,990.1530143113995,1.9092426821594373,4.527739434657383,1.5361136710678363,32.185610024748186,39.169183282018686
81.17602983685052,1.681633735469913,1044.9668037344397,2.647309754597374,5.805744303348107,2.2457839048987207,37.61709856229362,46.38630276391458
49.038237207936795,0.9802994154447324,440.29389469020236,1.773937676880426,3.795562939138845,1.2922016115884034,22.456341625273552,28.02184983310674
55.53358717505761,1.1418589881441434,692.1239331293199,1.479569502000084,3.2222124095533045,1.8196518093279717,26.581782178638726,31.733478385747205
53.7221706932004,1.050431889769032,627.2648366823508,0.7112275427707179,5.127008817614447,1.8520767503907385,37.790354598968,30.69838325325737
46.14498611982512,1.0408973614652917,838.4797601122891,0.7542412687762317,3.5813910549473134,1.7898032075267623,25.89974819953153,26.368563497042924
62.015203118065834,1.139682761735236,627.5086572289059,1.5674599168679044,5.131728797276447,1.6796055363752784,27.319859526918314,35.43725892460905
80.02342765435931,1.7131563498625437,848.423337177828,1.3280952046070817,4.9139906349843026,2.5565528380741007,36.83479868487006,45.727672945348175
66.52809480438331,1.4324905453187817,1112.390270767135,1.0299898006561174,4.690225331676385,2.382199723276337,26.236188336613782,38.01605417393333
72.51649347002727,1.3851493176096032,1267.1496153816645,1.533790573458014,4.482734603010422,1.587894139092814,30.663851558143534,41.437996268587014
85.02910330161801,1.9179631047645243,1020.8615754975116,1.5598703659261448,7.0201889465601255,2.5468952428106726,50.10717369466648,48.58805902949601
88.7280637492829,1.8724927637943074,1086.9648771439438,2.067848386152003,6.271374046837397,2.7759682200962814,40.888757582409724,50.701750713875946
69.14110977432061,1.457218988428658,1058.5198681294335,1.5712971914501235,5.2468911835640215,1.9029167246852516,46.62124745266662,39.509205585326065
89.13936749516847,1.7854851359448611,806.8161188770983,2.27742161056126,7.413644990030029,1.9835669280572341,41.334687936465365,50.93678142581056
71.1610790950765,1.406636434242674,699.9691178166938,1.504081763931648,6.0665206165392895,2.346892107102088,35.23550303236572,40.66347376861514
60.27777833774733,1.1920096519365315,786.2476557926915,1.4423277137146073,5.03842182418298,1.4817619370109005,34.588538863099764,34.44444476442705
62.95089189961721,1.2858310311346295,1138.5973016421021,2.1538696073396806,3.6961100682661088,1.7961105049831323,21.27188443245201,35.97193822835269
53.73799078984067,1.1591722770574004,681.8101344711332,1.0755747364566077,3.677590204667843,1.6300081977955878,29.640664123053256,30.707423308480383
59.73414535892603,1.206428861848506,834.1104543066257,3.9047931174856254,3.7937293720290826,1.986176005086868,30.83764942917787,34.13379734795773
65.6649475771255,1.250270743860736,1102.6379243532062,1.704087299037344,5.340801627892353,1.7282497558862033,42.09880695663163,37.522827186928865
80.80097584923611,1.6895339057840417,1614.2847560856435,1.7073180046637435,5.718871313850027,2.0009167033130035,45.330297275240994,46.17198619956349
95.1798274265472,2.0006076363361736,1177.5601870369044,1.7931351477641142,5.064356173708545,2.5576416807571887,36.90469948938799,54.388472815169834
54.6901257071034,1.1331326506312034,747.7844248289949,2.8393538222130834,4.034101369197121,1.9456082143798439,35.32809801827325,31.251500404059087
75.0865374826067,1.5633733898410997,1425.7287094373173,1.963775845319209,4.171037600242004,3.015680038044177,35.406516379867696,42.906592847203825
58.13037819273881,1.1457344950760462,607.4754765545471,0.8692229875954494,4.313552708860119,1.3741243844261624,26.42771534199567,33.21735896727932
76.19230683909728,1.4493404486677728,1255.3763073948849,2.4170772185069995,4.111904050526515,2.239121388477999,38.46604059851556,43.53846105091274
68.38048565303568,1.3050171196517737,781.8695692266177,1.3358678527225762,5.336994796954028,1.6578297042206913,33.31645795841074,39.074563230306104
50.47891895200937,0.924300597701122,705.066435152596,1.555646581985888,4.151202918474242,1.8356954542514254,34.847065820284186,28.845096544005354
82.62055429398312,1.6736743138323127,1085.04068984657,0.9710251951033261,7.632559837766469,1.9553192022966759,41.80392202628597,47.2117453108475
62.83184643164876,1.2509910708707976,726.2038767659542,1.7938094704684748,5.265288040587266,1.6594984959537984,33.331944405277426,35.90391224665643
63.63465775644198,1.242832696563649,732.1948692674356,1.2020612105414865,4.356782374462238,1.69791706029141,37.518312981140575,36.362661575109705
57.82797858788276,0.9860605295233478,833.1962888352161,1.5519568952605176,4.924528688406478,1.7124967569657574,35.986904111785115,33.04455919307586
62.28133685771034,1.1645476026791897,1020.3187612593308,1.3619109895397028,3.6804237639403206,1.9272887446428235,36.248047716303,35.58933534726305
75.55813596978767,1.6053803538243037,1012.4959561280824,2.8859424426867104,4.554343951371134,2.2845505035389118,46.286520052481805,43.176077697021526
67.67402576953678,1.3057998340271841,939.7936985235298,2.9426547746182714,5.135833585897062,1.948188076809028,37.53539179607282,38.67087186830673
74.23111812223131,1.513792689205665,1127.3379663030612,1.5239059399275383,3.727023563379573,1.697212660750836,37.54753498815244,42.417781784132174
74.67329692290919,1.3854946142570446,860.9715909461216,1.5329800867884935,5.217881059569453,2.3526503907290643,44.602672906161885,42.670455384519535
88.61683835803574,1.9154114052010525,1386.9254019757398,1.3211695673033124,5.086549976044891,2.3672459181290715,41.18151594224659,50.638193347449
65.84377776551197,1.306680686415254,1045.2701515172805,2.184614718939761,4.851987418949833,2.2912395401127887,33.6039833348174,37.62501586600684
53.77330254048654,1.0924303410979117,1173.9589108193209,1.3413177213150143,3.465803853831643,1.4689852665812086,37.601671584788676,30.727601451706597
84.6957982720133,1.9204195624298557,1086.0952702515647,1.2998335915394135,6.164309650039614,1.7954600889094512,52.047975790231966,48.39759901257903
65.97674816034184,1.4320507921404404,833.7570966922351,2.0920129241190426,4.797374102078668,1.9029898100728713,33.43735221880259,37.70099894876677
85.41525536392783,1.6802779385413158,1343.8242193863339,1.249166335112042,7.2276787581588176,2.8442026071496134,37.84969590431935,48.808717350815904
74.95993415455305,1.4519684390912153,1189.9383896050106,1.480871416771331,5.268975801853897,2.159084594873613,46.32730440069741,42.83424808831603
68.37986439147514,1.3437829858488268,852.3246618126185,0.8762676731087831,4.3560029672725395,1.9047085515767466,38.981214449298,39.07420822370008
74.4982117793027,1.531528997423166,950.7219063735652,1.905694826132213,5.0404797090625495,1.828720072079525,38.5307972543808,42.570406731030104
99.17458539551798,1.972261419183186,1498.0925760765958,2.9015380308919445,5.260921557821425,3.41983090405706,43.21783469909269,56.6711916545817
101.43067027188535,1.9858059640913412,1199.948940467151,1.916762463581088,7.036939064163986,2.2482167458475923,48.68791147102451,57.96038301250591
70.87263736067894,1.5342344734805098,903.2637821358259,2.4654818416342468,5.534840199636449,1.8019846393064711,35.20688959495619,40.49864992038796
72.03124639777563,1.4317738812808223,1003.7882389065159,1.1250665864811364,7.518825604784673,2.2340849297761114,32.22713122302551,41.160712227300365
84.83229135339732,1.920797928087566,1389.856985904041,1.6254763065825115,5.239540791760483,1.72762665374167,41.25134091853779,48.475595059084185
60.188906143897796,1.2096869153492595,740.9733852428617,1.0885521609423803,4.281326899795155,2.180188454772918,32.57812759853024,34.39366065365588
74.28957509587806,1.6360497568186882,733.2007438477192,1.3882428040317365,4.777500137277944,2.305880315870065,34.50801796337376,42.45118576907318
69.67746768119162,1.4206793732984329,678.6285271405578,1.9502736529119427,5.150932097578702,2.2943410382862575,40.17985608445044,39.81569581782378
74.0358105985957,1.5596913054162818,810.8615126182335,1.5528281450867185,5.535747075226588,2.2763036516115824,44.66263226542204,42.306177484911835
60.321165086272785,1.1601618444519575,654.3436057570857,0.9279788957913556,4.434760741485317,1.744235534896818,36.436206793422514,34.46923719215588
52.701866640667525,1.0065799812830631,703.086924053447,0.959287730907675,4.7903521573376775,1.368674407282386,27.091551431256246,30.11535236609573
48.343352220896335,0.9911511510550299,536.181084616718,0.9379618469840388,3.4391811883776304,1.4823007131093602,29.845574409113873,27.62477269765505
57.33821128312492,1.2095970415968424,693.6145704907258,1.7727444416089309,5.023685517699326,1.4782241187443461,30.505465270535012,32.76469216178567
64.49520969178607,1.292709258133562,770.3175000341951,3.02545894361097,5.115648028790924,2.0295616837771284,27.12568080983591,36.85440553816347
66.42947691219545,1.2394939632656894,842.1168182537261,2.383613072469028,4.798431189286918,2.1818467116341833,37.389457181724985,37.95970109268312
98.93082637430236,1.8385870862409546,1718.1692488359163,0.787372604110014,6.169286366367673,3.2666512169121513,46.41706529473293,56.53190078531563
85.28419991529705,1.5792608619416122,1316.364795698831,2.4315863389219063,8.477534347173858,2.4582820069640214,60.91336377215688,48.73382852302689
58.95046271685315,1.0717494906609244,810.7953671747168,2.062221659811454,3.8678476469778076,2.0320158603247807,38.652649607587065,33.68597869534466
74.48401303665544,1.4985072006796651,940.7697799421238,0.8870604091847293,5.488429677918628,2.0001061140548457,40.98621255624063,42.562293163803105
65.0921842950703,1.383324462325891,826.2368312482369,1.353095777100577,4.210087494581994,1.7572699584795826,34.46120463526532,37.195533882897315
66.53427526118125,1.3297225370528218,967.4657200099388,2.1768428782571436,6.365346225572771,2.0734428818604527,34.566776632000476,38.01958586353214
72.35527032429519,1.2809368652166928,1101.402538639507,1.8086465030124077,5.888952235450113,1.929903477226471,30.66292172602195,41.34586875674011
78.1835132678702,1.5476570781736196,911.8051041786428,0.9612247730819191,4.885024456054331,2.2664328362301074,28.964077058856898,44.676293295925824
65.88526747760544,1.3061803374799685,909.4746824792625,1.8461087053863423,5.177085626979531,1.618657235864152,29.175395036610936,37.6487242729174
84.64483277557616,1.8956136473209173,807.6443558154816,0.7253114490996547,6.002963288345681,2.0089600151330087,40.05907499111502,48.36847587175781
57.08735905994984,1.0554123337044308,813.0770329128711,1.3905776279641435,3.957581297434294,1.8958690124773672,21.60275002383714,32.621348034257046
70.07928119613564,1.3723477357085612,1101.2046198869755,2.2084715896904976,5.634830068780086,2.2997380001482064,32.16860501502021,40.04530354064894
111.31390222986205,2.440932530180058,1452.1219421670621,1.509408744784325,7.525313506183105,2.4272296200782435,47.67856159865818,63.60794413134975
72.84471123917083,1.4927022546919897,1381.7966183608667,1.2659931470977026,5.328546924566622,2.2887334571782354,34.86564752661967,41.62554927952619
90.4158983415227,1.8641289231690432,1059.4424065859193,2.0294977421362446,6.018389021180592,2.2293240875428175,38.233345199220174,51.666227623727266
71.15337295344978,1.4318936230446053,1014.4516143643149,2.089283121107348,5.41498653833471,2.029902379962343,33.5872209267564,40.65907025911416
77.64932763441546,1.5808835003730337,1058.1144834288916,2.3415154278077126,5.602013648767117,2.698594168443109,49.54991390481604,44.371044362523115
69.29381377753985,1.4452654122824977,933.4466580321672,2.019172882471912,5.008234464573598,2.252280883003779,38.528300064582716,39.59646501573706
67.90203904069557,1.2999978537753738,912.4104421814213,2.166398871828483,4.4205930314472415,2.214237375934556,31.33760594730967,38.80116516611175
60.904397177930306,1.2771908554969988,851.3887555340426,1.9243901509540295,5.871917143639303,2.429169669737552,31.194966788827845,34.80251267310303
75.59067154704927,1.403854516390088,1206.1495941705396,1.641693908871983,4.493524839207037,1.8976055228365643,36.91227795204779,43.194669455456726
60.125783776963054,1.2240128997928648,1054.5770787901868,1.546342838322802,4.769951260234603,1.5292535435512602,27.69059724932208,34.35759072969317
78.83419343565066,1.5919645362637171,1080.7203110712708,1.3837695598730797,5.198901462457264,1.9527675480707996,33.92289173798825,45.04811053465752
84.96944602072682,1.6438040916133916,1347.9205571334187,0.9933563367834642,7.615746860445296,2.2225516563894168,47.41217170207373,48.55396915470104
74.73478688489841,1.4928671802545264,904.2187086999082,1.08406485045474,4.558976036369843,1.453046931723047,34.422982867815364,42.705592505656234
66.51188490855098,1.2862936542227479,1045.858224527408,1.3628763956308887,4.288798741893053,1.863285295992384,28.37908831326398,38.00679137631485
75.91076708677369,1.4329077598340676,908.6227598449651,1.628312249717169,4.565024049825288,1.9516977524197492,36.9436029761152,43.37758119244211
66.24608754860493,1.299880197212885,1103.8621660179622,2.4479553224723904,5.046690915664349,2.169495823549845,34.20875923797365,37.854907170631385
82.7275870221534,1.5588652071527518,1683.6827275768496,1.4788379515772878,4.571307382993768,2.395535917082005,29.132136861739387,47.27290686980194
50.47440988886995,1.0272258749187455,677.2932610928804,2.1097839834244363,3.6300968238676736,1.4245341649738084,27.21309268415876,28.842519936497116
65.92823663175753,1.239222798220524,611.2394990714689,2.164882965282895,3.4129209683749937,2.097090852800102,38.3314994638691,37.673278075290014
49.05792931865545,1.0195869569604705,610.0690272356894,1.3865066432949023,3.976700638888865,1.7155675286567855,28.770821169493907,28.033102467803115
53.59879842713294,1.0057667763147635,915.9272984007548,1.8360625196672058,3.7844847722284123,1.4515261610815757,40.61612638804017,30.62788481550454
89.3030898037512,1.732309370037346,1351.858263474359,1.3808240998177737,4.754820062375244,2.222486667410154,51.1032232997262,51.030337030714975
82.13348398804122,1.5882276947738625,1177.5974528385227,2.351163485301091,6.6809683814239245,1.59151320886048,49.50365650327388,46.933419421737845
61.56046018061598,1.3224718759484921,1010.8761938392435,1.861928699038606,3.70018996532797,1.531217023908944,49.26954672422153,35.17740581749485
53.52761252594994,1.0898033996453715,800.4252134616464,1.0007738708965137,4.631891056912808,1.45601120418746,32.22697175877869,30.58720715768568
41.22843109359075,0.815201289428723,702.7573873766341,1.5846658950439132,3.0122108484046577,1.3603357004062688,24.13948990361096,23.559103482051857
63.52571955699865,1.3051697370711395,1026.6554541393566,2.626684132110819,5.973625093183652,1.6037951896288307,37.90131626679641,36.3004111754278
107.84570990898804,1.9250905825749338,1940.8187253201797,1.4103778684000097,7.77508539704768,2.552129580813311,44.343320993430694,61.62611994799316
75.65255703119057,1.5095335812518949,1106.1695147468552,1.7465820907337577,4.526205567411823,1.7499384502869706,37.72967286698362,43.23003258925175
63.34361253829119,1.4110559482154252,1021.1263997836097,1.8058483246445345,4.018627603468549,1.9059714332297135,29.34183710760897,36.196350021880676
76.06157729836629,1.5321343204626614,987.4624877561033,1.0545106659083703,5.850402738216581,2.2752112564732205,39.643739257080846,43.463758456209305
52.97179089725154,1.063325393410054,652.4904404386469,1.7843862527739367,3.8935232150556778,1.7281995089298663,25.64244345718255,30.26959479842945
66.38048338437262,1.367463374048341,1234.7373834537384,0.9339303228972891,4.679122399495056,1.9256489531351386,30.204768056172988,37.93170479107007
71.25454739896401,1.4956533236191252,1015.6699392455806,1.2126296227529085,6.183669410151602,1.5923900686553307,37.841036405400416,40.716884227979435
68.93199943682416,1.2377717715494387,1091.4732720282052,2.162240620321187,4.3960656690823585,1.794221025494283,33.860873942644226,39.389713963899524
80.61680711889,1.472416074159825,1130.3030750060325,1.6934034653452472,5.63861023165304,2.0861033292406628,28.775669810315488,46.06674692508
74.44328207421037,1.505856711872138,919.4201484613335,1.3525088952541036,6.080144083100496,1.9663392963871638,29.185075779745414,42.539018328120214
78.8727853814028,1.5177636986094603,1083.807375096486,1.745837705603784,6.206516634417957,2.2130910497541993,31.984938418917714,45.07016307508732
61.90337112901214,1.3288972062649562,1097.1090766425698,1.469669323787162,4.447144948537635,2.2798405470154948,27.79734673730986,35.37335493086408
82.17207176087418,1.6157277103722238,1244.3904683862804,1.5064276123707818,5.389506791546082,2.5612867980914857,42.117379968851175,46.95546957764239
93.63176504931918,1.6870105641302664,945.9550358627547,1.8752522137681387,4.737010555590532,2.1312758199819672,45.050124564599905,53.50386574246811
58.86569605225972,1.0994527895928656,776.8606473801481,1.171405888546755,3.721660076242117,1.9530928936616956,36.312980199268466,33.63754060129127
59.73881960274968,1.0300265888286837,1126.2840353122417,1.5207095187745057,4.6663993303344675,1.9630370025013746,34.96347268999717,34.13646834442839
88.85646376456704,1.754819001847954,1172.957094156857,1.3489318464212803,5.85180205818244,2.108261692492748,49.503082070777175,50.775122151181165
67.64865766979749,1.3392893910023271,672.6730477855672,0.8749899394542298,4.930995587474314,2.226430426960326,37.52315726547365,38.65637581131285
89.94258092409297,1.7581184387526598,1729.6003707149102,1.096986139892188,7.100220650502666,2.3538437106593144,43.64888038851604,51.395760528053124
64.68135272037526,1.3711735884083809,1002.0105430757441,2.556295696955048,3.9130306988300543,1.511604623338669,39.18012664496752,36.96077298307157
90.76905541264435,1.9366668701991243,1229.3667536229427,1.709579550431825,5.855225694877152,2.6097913040663414,49.11364024802403,51.868031664368196
71.66297851535334,1.4201421783597277,919.7384637578564,0.9565006418631533,5.241392868963927,2.1058492439544723,37.78188905910261,40.95027343734477
73.30335652539655,1.3065549158152658,1219.6470901483976,0.8885529811745407,4.635735107614764,1.9978882867775505,44.20775132857569,41.887632300226606
92.5641865367236,1.9139865210236677,1152.3515753530965,1.4438833494432701,7.714264519602672,2.4518423488676424,29.895341736714062,52.89382087812777
65.62094690984485,1.3523442617710442,1104.749348658556,2.550202777487538,5.491571107522731,1.7025618469153567,31.862502794177473,37.49768394848277
59.171609182328595,1.2033554118258545,893.9931416149337,1.4077304319338995,4.612703962307135,1.9398577122882663,29.413117636448046,33.81234810418777
64.61176130780484,1.362518441916881,925.6781723122846,2.3390968125681875,6.235295567342957,1.870622936973566,39.4766961975908,36.921006461602765
75.88865331880666,1.425309862977013,1068.1563126887088,1.6906279156274597,4.201264488313165,2.1809954389622503,47.555961619003455,43.3649447536038
52.92640027568513,1.179715264189516,703.5203422227527,1.7606118498434515,4.0492583638127515,1.7149056788178243,22.615778388352084,30.243657300391508
78.43941443469963,1.4896365162327814,1296.5749890760549,0.9525639583102377,5.767025097321878,1.8180895449429286,47.54231834287639,44.82252253411408
63.579331491700486,1.3240484178370562,747.1042791508834,2.06300871835299,4.031432910743339,1.6176984785683108,27.10774352724266,36.33104656668599
85.92344753073418,1.568913424322654,882.0708868183375,1.3385791779713114,6.111863677692942,1.6502587420214871,34.13856693539437,49.09911287470524
45.647975562297425,0.8682622519688183,698.626355205695,2.0114657019307693,3.051293953177078,1.585496772885354,24.484050104377975,26.084557464169958
60.827410466963954,1.3202773387665123,933.7389678962403,1.1373456813046634,5.01379975576467,1.488920604915787,29.96997951548121,34.75852026683655
51.79779656946148,1.021473578567671,773.9760237613009,1.5930509889947662,4.707545208118082,1.629117424900007,21.87924951503569,29.59874089683513
60.39811460852809,1.2639701656759703,890.8738020253974,1.6906694004900777,4.671194981296765,1.8975569429600572,34.68906304942715,34.513208347730334
73.16522279723227,1.4821348015610758,947.5884699244527,1.4234780643883398,3.867378074601646,2.271875969460316,40.240253920387445,41.808698741275585
67.79519169696194,1.3482462217903826,1070.1432252719017,1.721137978668482,4.195853550652907,1.6171607954509655,40.29956650557004,38.74010954112111
66.90343818998917,1.4402571387323653,910.0988511232118,1.3701310942604683,5.279871641547217,1.9136518279934527,31.612827282230114,38.23053610856524
68.03825158100645,1.3434981739987266,855.3627812492383,1.2030073654070894,4.910802585984502,2.5428553163701686,34.050102958338684,38.87900090343226
72.58902058389216,1.318771742829646,941.5789609856932,2.588894864543003,3.3701859033288977,2.687840949428037,35.79556264935668,41.47944033365267
58.463576899802106,1.119673968463673,1150.1660954093504,2.1426530711957126,5.3064196266464565,2.0393486654802113,39.825679467410666,33.40775822845834
79.41722563782976,1.6362957141493129,798.9862894552672,1.1581428287532882,5.615297867224137,2.3178547918822585,24.688839411908354,45.38127179304558
78.79310908723951,1.6098556010037324,1181.4635803842534,1.8197540304104978,4.806508007279836,1.8674230085652508,32.927210803288474,45.024633764136865
74.98216820772753,1.378047674213775,761.9299226571346,1.1653247469482073,6.15183713619478,2.35656197575298,36.88414257810626,42.84695326155858
77.31390115681042,1.4870060578137285,1040.0092730678043,1.00274868478014,4.844830677962439,2.102117231184564,31.81541626905505,44.17937208960595
73.8049444964848,1.430483692549211,936.7647585100175,2.131651384903127,4.670976376171417,2.271835262363396,34.97415808541033,42.17425399799131
100.67447219891613,1.974170410882208,951.4745783251622,0.8404445040389814,6.945408737526538,2.3788854052910047,45.067458601909934,57.52826982795208
68.91977130991205,1.279762908544069,1013.1812660044657,2.055541528839746,6.53106959907862,1.9240123731489915,31.20980443319034,39.382726462806886
66.26489698779457,1.281113923195586,849.1501868412184,1.3765150870049636,6.187071128337945,1.9693744845087946,33.93047483056543,37.8656554215969
61.18732438480485,1.1765668113539145,576.8192869441191,1.3959179455756316,4.78185896809146,1.8790798473550874,34.909526072291044,34.96418536274563
58.21640275553619,1.2138251030966354,927.5292989390658,1.7241866251197293,4.681281605439958,1.8817205986297814,29.374229701267176,33.26651586030639
56.05165043138192,1.1710623619475684,993.2242279376508,1.8276611595346879,4.7906681147099,1.5462242394854784,27.59792148253716,32.02951453221824
59.727068954406924,1.1851795649600292,1068.8199559259647,1.1326489098403616,3.646041577723189,1.4388470821559314,30.276366552476418,34.129753688232526
69.1220688478957,1.3535033560464398,1010.7115713864372,1.9144834369795964,5.478353126774958,2.5549148757584645,34.629922284810924,39.498325055940406
74.30582407967435,1.4973797428311182,1027.4670139839752,1.558936947252449,4.6613235797932155,3.0881618594344045,27.87403704618529,42.46047090267106
70.64218789063645,1.3519413028292633,1228.108636658748,0.9787132660486549,5.291704796086951,2.1598395069014984,37.880904855817526,40.36696450893512
61.056268365230785,1.1478481416661204,1130.7678290936753,1.415833200081936,4.354921020022187,1.4672208160981124,29.436209476793955,34.88929620870331
82.20684226589327,1.5628022775239216,1380.3530677409767,2.398912101173381,6.100999515024652,1.9990491760662417,48.10477254306786,46.9753384376533
79.8803569034818,1.5438078755265978,925.9687005736623,2.6522401319920292,5.62348414561223,2.391375066686525,42.389273874163834,45.64591823056103
68.03262134903771,1.2778544420469102,967.174479844674,1.9142380000843602,3.025319181191981,2.4150000986173312,41.1459220363773,38.875783628021544
62.29654312784238,1.2568741156330456,924.1062714399188,1.0008215909566933,4.711465261923746,1.5156493416492682,27.375471940972723,35.59802464448136
77.20207957716774,1.6060525795730052,766.4170593079688,1.7722348828638186,5.950090537143704,2.1109391894903657,35.54007687540724,44.115474044095855
72.38949047989324,1.328960682856365,1079.5629013893595,2.0031194366222036,5.498175120068406,2.11486726128421,29.5484944382636,41.36542313136757
54.04988624084492,1.0824645116921099,1112.3463710061521,1.9196854775045404,4.05292421928424,1.8861620855433006,25.81664098561641,30.885649280482813
69.15540432806203,1.3667905328449697,1063.2289753927978,1.9587401239666162,6.407001186042017,1.87809301565219,42.192545788865026,39.517373901749735
73.3532052886056,1.4943498706610459,1308.7493450367433,1.6971532662625568,5.437243850955073,1.621654378109698,45.754371962853625,41.91611730777462
59.61095729362869,1.191387046941376,844.6649072871844,1.4635271077963652,4.746738417518687,1.9540324974835552,25.92303103265646,34.06340416778782
72.41366432469725,1.3390156855131141,980.202005174357,1.2197640443234798,6.039755287485956,2.446462870621993,33.41603463484755,41.37923675696986
53.98530569095017,1.0086063051311789,792.5316483947096,0.78685075767511,4.355151151727192,1.624794129191919,28.46237874858161,30.84874610911438
88.86283871184592,1.780080795633295,1053.4779819615267,1.6835800347526382,5.195613747937758,2.5485664132099344,45.877078916543134,50.77876497819767
87.47368285487863,1.8493397987212319,1009.971647660274,1.5979342089450495,4.034498407401116,2.1946096575143246,31.40622649326483,49.98496163135922
66.91371598684786,1.1875612935017879,1150.5119211422718,1.8130431510336973,4.4858714589192115,1.6937325401754209,26.32718680614725,38.23640913534164
74.6937341504811,1.5220054646951884,1308.8306252531052,0.951973769845016,5.913448300895355,2.465749068336043,39.672886082863386,42.68213380027491
45.52049220249699,0.9707681910896839,523.0210547681604,1.8677439576229689,3.4260777302502254,1.538879900129001,18.680936451496464,26.01170982999828
56.9406592421714,1.1294482864315112,928.2493438937587,3.0158585818899635,4.854893250217063,1.8497368999901966,27.953542145251518,32.53751956695508
66.42251025981257,1.3684822967872532,896.9013386687838,1.5405405263648444,4.920326182756168,2.4325451533385882,34.51440822095904,37.95572014846432
57.803401224454866,1.113030545544365,842.3236083999515,1.4688836312766356,5.298803896838267,1.468792289598729,32.356958554979954,33.03051498540278
79.52432180416726,1.5802749025948897,1184.0319898421271,1.6661356730296284,5.25353704410964,2.018613434702594,37.66908777466959,45.44246960238129
99.99763919223719,1.8324574786670067,1637.8551719467782,2.993176435921421,7.02956653667555,2.6787706127403643,43.18885214622051,57.14150810984982
56.73496179200242,0.9998652377307072,789.6575874716465,1.0591721233931084,4.623022726349849,1.5639791223295707,34.12313107004744,32.41997816685853
60.277076766002054,1.2684569626684348,1063.3699884915604,1.6072795271849998,5.6538424019871245,2.020972530138014,32.715061888858074,34.44404386628688
73.005775975366,1.3845352775081565,1058.0972630664976,1.1429705043051022,3.9504122716039203,2.0044003019685297,32.64197547086485,41.71758627163772
93.33428292923458,1.8213607447392401,1430.9363096081963,1.2454750427885457,5.774488176421176,2.124526785041228,43.68576231974481,53.33387595956261
56.27326049744406,1.0443378843433682,665.0513667619795,1.4749254435838468,4.847943250613829,1.7155538985084386,31.55149727964815,32.15614885568232
73.18312678697308,1.3564336428354544,1475.6713015317537,2.3713809403561807,6.5848980227621245,2.123707944072316,47.3547229136292,41.81892959255604
96.90384443318511,1.9199819474325868,1445.2715142657023,2.7668004127405808,6.625565644923349,2.9546396189203947,50.51923294311905,55.37362539039149
52.11983023905508,1.0021563180002901,811.8384600054068,1.7468357002392907,3.828246308559207,1.704847457307532,33.928583197829354,29.782760136602903
55.68654199468939,1.1366792518309843,573.0698200436271,1.319754818747631,4.741657516777553,1.8107945232812193,26.794546216090318,31.820881139822507
64.90035300560459,1.3300936397351486,768.4562542159583,3.500282202097587,5.41238400239837,1.9868545845480003,30.464523609590298,37.08591600320262
63.786100653561164,1.2980012396643013,1091.1839525290966,1.2970893340588938,4.40798603227805,1.8111528915008612,31.4620680214471,36.44920037346352
80.93117087713118,1.639598033893219,1168.254919138384,1.2353000429381025,5.870681985143575,1.9934381175524372,38.15670924400796,46.246383358360674
73.08679471921563,1.5916356032119074,712.1921565273086,0.8204463335967487,6.212711695803662,2.161333028261225,30.87417421634809,41.763882696694644
50.985716024265,0.9626305431481758,841.6699216960905,2.4110219520333223,5.2997031772856085,1.4967391069868037,33.642836780324714,29.134694871008573
76.74824760133099,1.5304215565406294,955.1485791398114,2.0846673242193767,6.017722870770735,2.7918152554175535,43.06243421725858,43.856141486474854
63.14071648901174,1.3424060403608515,1114.1182613698209,3.4122464355529103,4.659928885685006,2.2839358130622958,30.881316698319335,36.080409422292426
87.88854811495386,1.881900096322891,1186.5710998581153,0.9353002328989667,5.8805711711782696,2.61925543804433,45.90066878962823,50.22202749425935
62.578939476635924,1.159149364717854,890.1773401230835,2.462442741363819,5.016040075346376,1.950998133771428,33.3210724525084,35.7593939866491
62.47813986414807,1.2286780200059497,1057.620876899924,1.5361923998483231,4.508984888434809,1.8114353222124862,35.97298680138563,35.70179420808461
77.10155998936115,1.659283143650743,900.8140820969677,1.9728709021306106,5.537785614244696,1.7650992379862915,30.489628792102007,44.05803427963494
80.21646299528615,1.648922533819494,921.3841882665146,0.8566908490246987,4.692742496206945,2.1414508244564026,37.89131690759855,45.83797885444923
75.83129122493906,1.5326902798012236,1004.1140816892822,2.470753041999093,6.504447040163837,2.157676150993439,36.82860182617858,43.33216641425089
51.80585186839383,1.0240175757724226,823.5686885526022,1.9597807686076103,3.337472131449336,1.654206305532165,30.79112522184236,29.603343924796473
77.05893055690777,1.5095887919343767,833.2699737520633,1.4802900973203752,5.02212529528155,2.313364633514818,34.09092653787951,44.03367460394729
58.19514381567002,1.1821459724339152,592.5195971814995,1.867804909744372,4.4202435184083155,2.0114355614465116,20.604273388760245,33.25436789466858
73.00353039797645,1.440321730680406,1159.8375767403481,1.1563212240319967,7.047047810870704,1.852080232960279,30.494073638647116,41.716303084557964
54.28582775229917,1.0832249065250725,668.4951770647951,1.231817820116727,3.867462872902864,1.4851965342531526,28.648979067592343,31.02047300131381
75.8072298102377,1.5225885862605064,969.318329406721,1.2813604107037897,4.782465325441733,2.664542939143524,37.52930418073027,43.31841703442154
60.61020394205675,1.168652112030534,596.6532716840126,0.7990363422841413,4.1172734475851795,2.0254860457306227,40.89024582198826,34.634402252603856
55.67097774347462,1.1458537945446683,676.3114394553887,2.0105537804843316,5.45939567988251,1.5843911310115335,32.29110307586995,31.8119872819855
79.51613786620854,1.861144567551652,1089.0344595372494,2.2491085300343387,3.54239293199425,2.1640107287795596,39.00574963684378,45.43779306640488
73.08659637013524,1.3280803428837238,1183.4839354735832,1.1818146167341974,4.414239044181651,2.0328343367482096,35.96837089722594,41.76376935436299
62.731218104027555,1.2767530252476733,749.6309151318588,1.6884868948139937,7.0621981138733965,1.8512529054833489,38.319759422364804,35.8464103451586
90.70640373034719,1.7412174740899842,1672.4062781782368,1.3705301231684008,6.661081521714143,2.615587441066861,38.75748787253345,51.83223070305554
64.70310830223075,1.3350160065136873,785.2547123581547,1.6770866348182152,3.9641710728530346,2.803730125731682,32.27761886559121,36.973204744131856
70.40248877448602,1.4115916290529449,854.6473893229333,1.2118247691808641,4.988704524070392,2.069177062434519,29.640444712934887,40.22999358542058
73.4433470987262,1.530510790532594,1325.4055350708438,1.1108824304423686,5.2383748168733675,2.299937760787172,45.307495366335836,41.96762691355784
62.66752234533482,1.3354275145091135,892.5130943240699,2.144928266160053,5.253519204544232,1.4136339420431852,34.25386496127494,35.81001276876275
76.14387607230327,1.5387722048454857,946.233413278412,1.467782887522488,7.1027608381644125,1.9745486830545926,33.37116289172109,43.51078632703044
63.63974737136614,1.3529691636531807,848.9281991989909,2.9827874768115534,4.947179150592834,2.2570494562208143,32.008098764082675,36.365569926494935
65.03920253690204,1.146217341414635,1135.7432872665743,1.5238006761141258,4.348420797525403,2.0157580129475945,35.87347117854314,37.16525859251545
89.28364362105089,1.9456910635864224,1590.9265373497817,1.0948915470094958,6.7878713264606185,1.2075389039076365,40.39046672971071,51.01922492631479
58.12994105061005,1.1863679262612683,689.0174293112472,2.2762966186143547,3.899215322857761,1.9334295707356457,28.00332632093772,33.21710917177717
45.49726402520889,0.9644380924287297,619.2524069593851,1.8587393985475955,3.078833953560711,1.9547786959440825,22.86936591918268,25.99843658583365
93.33129712848391,1.747711378035598,1300.7451588149324,1.9204458003643123,4.7100273846142855,1.8156810964705004,45.79399863693044,53.33216978770509
110.35706964461008,2.1103826247648723,1269.0822221016042,2.248349500412447,5.506108898169969,3.5694294430087012,46.55894220305403,63.061182654062904
65.11321393702993,1.312560007168234,884.1458475094878,1.2014802815931696,4.115811526866899,1.2274760647434073,30.877963247575067,37.207550821159955
49.53303398749053,0.9897503082832837,679.9561631525713,1.4364959495588203,3.2081024973039485,1.787085990413438,21.907181369090086,28.304590849994593
66.22466896514099,1.344879757083495,1113.3123101510207,1.415075193565642,5.037395095744444,1.9159463989694254,33.9850242815446,37.84266798008057
66.51219113807191,1.410414233380949,1131.6472749751365,0.9672390257278239,3.9882624638935837,1.3323698702849684,32.74163633485254,38.006966364612516
67.66581495036259,1.2303584885413297,875.0081468136917,1.3714390733451516,2.979945011054999,2.0908031619937253,32.44553570566367,38.66617997163576
57.379140516407745,1.2094984640416608,757.4169495408254,2.3625752807856646,3.6580022347964487,2.0630478152129603,31.104485990711783,32.78808029509014
77.63246953562167,1.5533434211078854,1198.7618555011686,1.626036602866254,5.018809244639368,2.288110906625318,42.523435829705654,44.36141116321238
76.87302026235054,1.5206467786329294,949.6539400250166,0.9492213413769837,4.878842362850112,2.35123013567845,41.90533839758709,43.927440149914595
53.60506979901704,0.9902857332526164,816.6359673245927,0.8838879598074943,5.192211845512807,1.5350551167092155,31.241000969311603,30.631468456581167
79.30877156427923,1.6298216404646695,1070.723188047637,2.6416057434937215,4.9880070141357695,1.641175067855888,37.014679573221436,45.31929803673099
100.9915782378641,1.7731314853479574,1164.8790425049735,1.4546454273801548,7.555235048779713,2.9339667165278827,42.161131124068966,57.70947327877949
72.18279276458004,1.4950602049050294,834.4561790082254,1.203682134976113,5.101304468589079,2.6914411170362706,30.4159562861088,41.24731015118859
65.90801681434999,1.2161887705234027,1170.3932941949238,1.3665983490942608,4.747600466440987,2.28140405208299,30.4876367875681,37.66172389391428
68.24731877528222,1.3688894199176957,910.1818997424874,0.9078019737432598,4.304465046160918,1.4375710306011609,34.44645851364145,38.998467871589845
78.12888412659963,1.552561868322104,1436.1354162188118,2.4332559726216596,5.3797114445723215,1.713280337447701,33.604644452332906,44.64507664377122
51.390551415885135,1.0947657550274716,643.0187378506814,1.3123916916155423,3.5179977863469922,1.389497196979453,28.17975448837458,29.366029380505793
72.08529018022658,1.4278740233482128,1041.3650690658387,2.387621895589028,5.249164586227416,1.5932962554621506,30.760618412381433,41.191594388700906
65.28558419352693,1.2577092916190173,1372.6006430780737,1.526570210178509,4.57297193146371,1.9112768113873102,25.611712585487556,37.306048110586815
97.36393751281358,1.8947677111504222,1105.5293054733818,2.438586072958951,5.523656037954684,2.7242726298180124,50.96225384823595,55.63653572160776
67.85640165864945,1.4536190839560235,663.1124946024023,1.636771182878843,5.705206129002667,1.5619494474643305,31.745750965015052,38.7750866620854
94.28527255209401,1.941073078154104,1627.0203887980608,2.0047351084036578,6.6833957389282554,2.824039217881566,38.38605890146566,53.87729860119658
57.47807262132774,1.1258875542328661,680.0733871695834,1.915373581740081,4.0208008802045,1.895386737854749,25.439488764668813,32.84461292647299
77.73925755102815,1.5350739505574238,1062.203648855247,1.8540007692003406,5.5337277565120795,1.9857353602912902,40.45609611157456,44.42243288630179
74.1084530988103,1.3619815081085531,915.3824561503507,1.6883327654086708,5.150492942233743,2.0317896818394,45.30179288033561,42.347687485034456
59.938080922274224,1.2241556947336594,862.3274940417659,1.3858450960745563,3.885459134035198,1.3119904189738616,29.249574538655718,34.250331955585274
72.25289111958948,1.3141478802022226,836.206794447269,2.8765611797532435,5.177026964172406,1.944284342824389,34.65224182444659,41.28736635405113
86.92199831308946,1.8104140943892681,1154.37900271058,1.1020390002863552,5.3367349994092175,2.3553518541075467,48.69050906530209,49.66971332176541
66.0674846843684,1.3305524342379704,981.8484318379311,1.5021981106975588,4.129505640208966,1.966388056924951,25.24388484860984,37.75284839106766
51.747000796470275,1.1772074312114593,592.7387710562083,1.5076096655875297,3.092004436870997,1.6919108035539518,37.96397017321919,29.56971474084016
69.78081393953944,1.3151779956701994,844.5341785900943,1.7199071502995622,4.715951916436696,2.0730640690182267,51.19214172620655,39.87475082259397
59.58192274616386,1.185055365120282,767.9765013256024,1.2962438317158147,4.842020325807383,1.7004800010407497,20.304673903314555,34.046812997807926
65.8490125688175,1.451181835680966,699.708016110208,1.669392132620991,4.28384296522025,1.9979046011109207,32.92516217825752,37.62800718218143
68.98757081586515,1.4713665048265816,877.352572322187,1.4163299363192934,7.338198041896408,2.314224770100576,30.934751210516826,39.42146903763724
51.62065945381731,0.9943469161894131,723.118535789752,0.8760765353795633,4.570624244683373,1.5679488874052072,26.721587247692707,29.497519687895608
52.4569015617989,1.061894251204289,669.8700103671778,1.5048787048572372,4.939357428524234,1.6929706501439306,26.403013961861877,29.97537232102794
76.29264145863758,1.526017457224403,996.8054703578116,1.0318366046932528,6.040477947759421,2.0721062743123144,42.39280494264376,43.59579511922148
63.761841137855605,1.2947873064814666,871.3460239603297,0.8318361550886687,6.230602497943559,1.685227841946688,32.06360387669727,36.43533779306035
44.27926145650264,0.8528190741563854,540.1572495781995,1.5714419714780015,3.135408697718087,1.5395846116916505,21.52626960414782,25.302435118001508
80.53102556506684,1.6028763345413761,1249.4785237828683,1.770594829735637,3.719913319245967,2.036728208102415,37.84524392704642,46.01772889432391
73.48868904733204,1.3483430657574598,1302.4311520266185,1.7941119641097276,4.835963174417731,2.2035513991408764,39.346522881640944,41.99353659847546
61.62210943951421,1.2414612034060484,777.8515798244928,1.8189663466472512,4.959046176163004,1.8257014706720558,26.42860587583129,35.212633965436694
55.33207536522339,1.1338434996475912,827.518299300812,0.777635984419097,4.292197931509821,1.5987363800525667,22.675750614941137,31.618328780127648
81.26724027076233,1.6055209308317615,1067.84011382041,0.9444077582175822,5.8386239636939505,2.1248830575973843,53.47531694178466,46.43842301186419
74.50585774218209,1.3657523842757084,1090.7052524514802,2.9339260660083313,6.4430045521869745,1.9355562459922055,33.1675482242712,42.57477585267548
107.11997697357856,2.259781999852697,1942.9916459113604,1.050722782270776,7.303359315239227,2.1267829019183884,47.131333528422225,61.21141541347346
75.45429265607352,1.5390634729635777,1133.193407759268,1.8461707570185188,5.994069437944498,2.246465262109854,34.79078565502196,43.116738660613436
75.01786202877564,1.4427152957983589,749.5633954985151,1.1876165564673644,4.546172265362562,2.1843447211560276,40.16784742568561,42.86734973072894
67.94424315096981,1.3384644369776804,1010.4935107922595,1.541180926530158,4.119011952176718,2.234003866837868,45.17292593912527,38.82528180055417
80.99152288760224,1.4938315398178412,1384.2743814504927,1.2094884218806279,7.181383490506024,2.0530816223416206,42.75626004471717,46.28087022148699
78.26612340415733,1.48106290405007,1031.720553285932,1.8154887141186038,5.52314455370775,2.925770815901405,30.005590648812785,44.7234990880899
87.53266828695561,1.7005783439180029,1434.0210226966103,1.5713889785261554,5.362968425377269,2.228530495077623,33.32541490319097,50.018667592546066
63.77773511126566,1.3629719687413575,773.2561004249021,1.287978650011679,4.230621392853204,1.6263570190082872,30.663632011567525,36.44442006358038
64.76373600051654,1.2513397327410984,681.2405841512082,1.0496648583758474,4.26104570545736,1.614923338674303,31.659801887040665,37.007849143152306
64.2603760389094,1.3303826062821185,903.7830857252111,1.6429475724839613,4.196690171195239,1.4298386320405325,25.069109460988034,36.7202148793768
80.61674377133602,1.5661735960770466,807.9462671399206,0.9932379848717181,4.547088884375879,2.8262965467465713,44.23484774971549,46.06671072647772
91.47406918478526,1.854123268449731,1201.923389084432,1.7346097687735456,4.8318918562535975,3.0296255439715405,36.08834028721955,52.270896677020154
64.49330706333893,1.280062169680109,1112.9696831860101,3.6630973290674373,4.560637118863138,2.06624960862843,41.5814192850296,36.85331832190796
64.88682857099754,1.3603369003603685,632.7415095024261,2.3736769333670678,4.304821313739272,1.6421213884077122,43.9676862684184,37.07818775485573
74.03804503653399,1.4386386517528205,807.983119167064,1.9148884628323413,6.2016244121513795,2.7696998432707094,35.112257530444396,42.30745430659085
66.99448735333024,1.2308840035688078,764.1479587969108,1.4569771904964388,5.065239029282762,1.8315758825479505,36.27575007524021,38.28256420190299
82.97178810871168,1.5401914249810766,1125.1052322141516,0.7760083495952621,5.920813045908328,2.1782873819321367,32.7862042424974,47.41245034783525
46.824287391406365,0.9099901938178065,601.5653093970502,0.9569240522253446,3.292156383823604,1.8525448584585915,28.54283813773372,26.75673565223221
60.39298563643882,1.1291326995289315,1063.319242292553,2.3199278437692485,4.391961252320976,1.984910467231648,28.981167552737165,34.51027750653647
60.87249744731449,1.2446990718358812,989.930434459868,1.1468240528177882,4.764355694276344,2.5419057422339755,26.58563646854276,34.78428425560828
46.25437851641835,0.9021269286437478,693.0024939768135,1.1826553860144504,4.099209341346069,1.5239823485601376,24.515420767742874,26.43107343795334
58.93417684846838,1.3398177420879984,829.533912200167,1.4178676607664369,4.330508170364397,1.6519261189457317,28.599410468883775,33.676672484839074
59.446605346173605,1.082515203919511,874.5718404888934,1.0454364470717437,5.237253748357962,1.6077168234638348,29.426225926295945,33.969488769242055
67.53085324439587,1.3655397356077617,794.013910500051,0.9885054743141818,4.873223026277189,1.458039154619666,39.530570605393955,38.58905899679764
85.39045021271029,1.606963116371752,1364.7708674443975,1.4744824043067946,6.570575537136408,2.2224076571756766,35.926432121089775,48.794542978691595
67.00287213771219,1.3048501427103187,753.40209378904,1.107826200093021,4.481413501396468,2.315203556739389,44.43920555166588,38.28735550726411
58.23146731199555,1.1735507380373817,927.075238897548,1.165982632256158,3.279366507968038,1.91330930985946,24.776021051039006,33.27512417828317
69.29169363442145,1.2224088443401113,1174.4662166808475,1.150168004115885,5.174890325158712,1.9911223305869028,44.727729903811905,39.59525350538369
84.42326989626625,1.710181268642556,1202.2313700845416,1.7914683237074414,6.446183380018723,1.9697661570251992,34.35468029393093,48.24186851215214
58.804663449227434,1.3032750529055284,781.4829711338292,1.3861866994957142,4.80085974881899,1.8183971974650637,30.70679280146838,33.60266482812996
59.49525595685201,1.1611439998792255,876.394889617345,1.411653313163118,4.728350424067302,2.0745414751941453,28.69335733941078,33.997289118201145
77.34173181082463,1.5686730728518674,636.3182597212652,1.8374709431713343,5.1022176234413275,2.30567654968951,35.7426953063707,44.19527532047122
67.28492354691235,1.4222194942356758,973.9379465050928,1.4292936111040144,4.277991667349538,1.992874317786773,38.51778804136863,38.448527741092775
78.57979997932992,1.5577533426771069,1056.0717667430902,1.3646198275710466,5.944806068553847,1.9253524798720953,48.2714246534471,44.90274284533138
69.82962696448989,1.3534898801031887,949.0447047896519,1.7601330536212405,5.335404512356793,2.286597360834896,42.09296313746162,39.90264397970851
79.34371556457282,1.4034955119892074,1234.4622250920268,1.8825202449204446,5.03094290623499,1.3456286739586731,36.08740479411591,45.33926603689875
58.18714208198127,1.2046989525967085,787.4116556302171,1.426849874468864,5.178315392429451,1.8486455766779593,31.361077012746517,33.24979547541787
69.8491084395132,1.3884772875725913,781.4662769624839,1.541670876565393,4.347578798327474,2.9858279569984982,30.916998678686884,39.9137762511504
67.41536431832499,1.2766057758758398,901.5009845702822,1.149933747371133,4.436557252269461,1.5354376869276019,29.134349127737206,38.523065324757134
56.33844687504675,1.1344925248090707,782.0185179528705,1.1195038620774975,5.489071420236916,1.6364440032889749,24.855324142543125,32.193398214312424
52.947963369459934,1.0261262647899927,741.2004186064145,1.9482433757882944,4.646030368084395,1.6201513956874896,26.508429836913,30.255979068262818
79.11855466769762,1.5378881932929078,1116.8850951181257,1.7449364699522123,5.1822309168811875,2.039236299744656,39.895339093058794,45.210602667255785
65.74783303726464,1.3586880978768883,1085.5714532027164,1.7510904030533685,4.989930536823947,2.2442599677021207,24.756261703145533,37.57019030700837
58.32026753140083,1.0851374088309922,658.8248637910375,1.650269122119522,4.467188863361795,1.8779742593352198,30.30106484968955,33.32586716080047
68.80805755312969,1.4561729252714315,973.7291715412551,1.5237454123458638,3.211600020145066,2.0220400049161995,43.80640441657007,39.31889003035982
85.62028538820012,1.5880059509185738,1478.3756176178208,1.9006624481434375,5.046082513779385,2.6353589906749137,48.5230022828375,48.92587736468578
46.582765284269904,0.8989281177974235,468.68187135281556,2.0613163702493127,3.654758869799273,1.477454703837354,23.530492464329036,26.618723019582802
53.5836988926681,1.1888487553362501,758.8179667878704,2.0446503555114344,3.8697022309764413,2.692508286152659,23.017370661379736,30.619256510096058
59.3646029643363,1.2617605167646015,733.3381166083893,1.4494827827943866,4.59294105939017,1.8098439418562862,33.23921342022339,33.92263026533503
90.86852046072474,1.826967348495646,1166.3739378035775,2.4035760668363553,7.256746095067609,2.5077970116662223,29.614838231312582,51.92486883469985
73.6228886140641,1.3995927388411156,859.048349355941,1.6211369795076132,4.93795597775585,1.589218866477801,43.248946236500906,42.070222065179486
80.27938094956916,1.5603808175049416,1068.140628225755,1.8597354907494488,4.6956655832397605,2.035702014269618,37.51260757203491,45.87393197118237
57.10547966239419,1.1466344193646552,1088.0318393511488,1.6509612724985228,4.515846121621391,2.0545501265435906,40.01748221725237,32.63170266422525
57.3161842347615,1.1486470890594076,627.1811929754978,1.6313897431626108,4.089306480149381,1.3967746135306616,22.990506103110825,32.75210527700657
75.82742338339396,1.5091303371320588,843.9086515962964,1.168071981411327,5.180916179447462,1.5149539423700045,42.90741810117763,43.32995621908227
70.73221430536022,1.4122926370889184,768.8197548254376,1.9038562258316174,4.814196611759167,2.025892059256436,34.723587117285604,40.41840817449155
77.20636565780492,1.5263680269282542,1441.414105333039,3.9459544855147763,7.643507548091513,2.6676775634133407,35.766678175515,44.117923233031384
67.69304135383827,1.2525108372459974,854.7959593728156,1.3205624523506918,3.433406010739562,1.96334074699596,27.54398361229538,38.681737916479015
73.56449797019641,1.4308494089890997,1004.2761337415731,1.536641147787355,4.883685158693614,1.9695045271389147,39.879189842851126,42.03685598296938
72.00460674149761,1.512949178940168,918.9616424426646,1.288891642132943,5.104061470658854,1.5271492358294523,39.740235234991964,41.14548956657006
80.42932631954623,1.4940933803430771,931.8520957332105,1.2707003970727067,4.910243734764786,2.3823896123413255,51.36452891190852,45.959615039740704
80.85038312051715,1.6005523235531822,1063.210317393061,2.5357344104242974,6.413287484430423,2.4712879717089264,45.66002523318387,46.2002189260098
52.41744678892341,1.002986442437793,1115.0324917735675,1.1932685165626238,4.571312372440148,1.2181091720671042,25.67300758256801,29.95282673652766
46.86200134483771,0.9428884296979244,824.0433779547133,1.2767359650117014,3.672954988425571,1.767871819414554,22.136795722109046,26.778286482764408
83.71129842929416,1.6394814998247844,985.8511837777983,0.8744281165420466,5.480666493689841,2.578390212058691,32.30715421797164,47.83502767388238
86.53801523723861,1.8743875854728378,1332.2935837766809,1.1594242435109388,5.760239407070198,2.799559243972702,51.6777523171885,49.4502944212792
58.33752894205052,1.199084299290258,689.6616307281239,0.8392168167787304,4.290261924515539,1.9113364959680306,27.027325745861347,33.335730824028865
50.21882382220883,0.935738815799567,501.51186128130365,1.859374229959979,3.8500676420240985,1.7270127498661212,34.39731757058683,28.696470755547903
71.24891544406633,1.4775370150721487,1172.2364389733902,3.885262806769289,4.919822835400913,2.1988227387915353,38.505615601406234,40.7136659680379
82.65805442138888,1.585482080611046,1394.5187649542445,1.324210965625162,5.892133355865609,2.595443162796694,41.74804254168237,47.233173955079366
96.49453556930482,1.8707291025082269,1595.1369606379026,0.851181011954931,7.156966319925185,1.913988283943809,42.438476999762806,55.13973461103133
76.76040695895921,1.5614265525512976,967.9927204583768,2.0368609070346686,4.419395877724269,1.6943893229054259,41.59219636905192,43.86308969083383
65.50450315192604,1.2757839497490788,871.9885415767347,1.171582220260433,4.035736260109411,1.6957973859338962,33.219732909968585,37.431144658243454
59.68087085710982,1.2525327029776498,935.73564703527,2.333019740502857,3.3740669893842883,1.7388306696741969,29.310331327138712,34.10335477549132
70.14328407587011,1.3454438490256957,1031.6207596125123,1.3628696473676165,5.735036153691893,2.128544180549832,39.088628664725064,40.08187661478292
66.35747594361918,1.2835563664371885,848.2740806789759,1.2100800140313588,4.995529688983256,2.0216064968699516,32.87564499694692,37.918557682068105
58.395426162517296,1.127267239839726,599.7798928406806,1.4119481853759623,4.723675928316444,2.0793833473935193,26.962217728170817,33.368814950009885
100.92074244853332,1.957738958112715,1412.487876048603,1.9407272585721602,5.259573406487044,3.1497037686586085,50.58336778054848,57.66899568487618
96.28066164154423,2.0432825769020417,1600.9957974764245,1.3884055849156896,8.397432672869362,2.215917513862335,44.00974887170911,55.01752093802527
85.74314114747365,1.7740469984846554,949.5083640199414,1.2669458265073363,5.292424021573131,2.417269530656789,43.99279187282856,48.996080655699224
59.38619009910163,1.302529925708018,912.8404628500081,1.4019646094169338,4.537803364781335,1.5482197674444795,28.81734409061615,33.93496577091522
81.54650854978891,1.843220233361054,1186.560395834546,0.9734705279443691,6.40890681896056,2.177523922358239,32.478734633142295,46.59800488559366
78.46961177129295,1.4844884350733993,1230.4081692933498,1.71674752534727,4.66739936744756,2.2914420011394787,50.029459883266234,44.83977815502454
75.7561254825768,1.5208907231140245,1213.9847801329272,0.8171664576649849,4.870450515996514,1.2446178299740602,47.30976512603732,43.28921456147246
87.50047952052383,1.642390299429621,1060.0524968887798,1.2898049748166063,6.079038537548647,3.4485568675757037,47.5154129663695,50.000274011727896
78.41000925428241,1.5037596802909263,805.6536792883287,1.9417886874195351,8.514989178690106,2.3795297432334124,35.86399704599882,44.80571957387566
79.88893807278683,1.5443678990154819,996.0589417946156,1.6627667914798407,5.787390156316566,2.0117493984395214,36.87169021598278,45.650821755878184
78.43150638372848,1.481652317082692,1260.7128477666624,1.8333372398568004,7.001954869692678,2.94511569202942,47.32459549603914,44.81800364784484
74.392070441521,1.4057427084423963,926.1195816061287,1.4671966873098794,6.320573488887945,1.982586338186445,34.66052566715142,42.509754538012004
50.90703247933385,1.0102445050349005,616.775965467119,2.23246675017959,4.1710765479432395,1.6080473755184992,24.964618005448333,29.08973284533363
71.0530805131228,1.3307587022268785,703.8970488831825,2.054035057636254,4.330971918029608,1.874036980447748,47.44729282821358,40.601760293213026
63.381859237024614,1.3265697033720145,1188.658717565331,1.7456477929330882,5.478544762051277,2.4042920132617494,32.246084178711776,36.218205278299784
55.69875677543251,1.0601519019232362,885.2243471074975,2.056023633295126,3.3318456717882694,1.6574996234984107,38.89118100229443,31.827861014532857
94.520076597662,2.1998640313489815,1487.3158834785306,1.9358821976548874,8.046768057374793,2.564554075016956,35.222564807301794,54.01147234152114
95.31973074823354,1.8605214593471444,1553.8309336792838,1.2918488885444994,6.503250735647588,3.0438976289673088,47.847502580995844,54.46841757041917
89.22910231322015,1.7915306427714568,1356.4501666679598,0.9499193600674987,3.9614736495986786,2.6294551794938323,58.06606345573841,50.98805846469723
73.26389679515161,1.3663561198861685,961.8676934926459,1.7304170963454955,4.905298383713457,2.0520089150628533,36.386020831935106,41.86508388294377
89.09225235102178,1.953673154243856,1186.6239611605022,1.8059774849092598,6.637180472816341,2.8515034269174997,40.24173583180825,50.90985848629816
70.15082330769762,1.49038365503313,891.3495664351386,2.173108807816252,4.825668770248785,2.9806036013571204,29.199946660133246,40.086184747255786
72.58136091228543,1.475072194105004,1593.3979019695914,1.0910856855787088,5.746102857891567,2.159751301499139,42.60337914816325,41.47506337844882
57.58357050750456,1.0709433379874362,872.1338438687565,1.1022285494192727,3.7807973584954957,1.759414168352926,26.79865512728904,32.90489743285975
75.14238687977253,1.5200291789306428,948.6153304505203,1.7538318467107112,4.298093771032768,2.1663065398818127,36.36745444010674,42.938506788441444
70.7588897445525,1.3320804570420854,1054.5175087827563,1.4641468124644432,4.984541013658133,2.4753059116206066,29.08408199066616,40.43365128260143
55.472339294719966,1.2005397026563653,635.1204552889387,0.7901137945152116,4.220362515093165,1.5294267832925792,37.50972812303754,31.698479596982835
69.36296816569755,1.4491755821844094,1244.4469378496522,1.704000805592168,4.702275663266654,1.9016536124614234,41.64880968052483,39.63598180897003
69.01046567798456,1.3873356665585805,841.0499554875903,0.7991191772373626,5.994698858399276,1.5555107621392545,34.45748005273978,39.43455181599117
96.4939608259474,1.6921313567762548,1447.2142935157765,1.087776599134459,5.568293306546767,2.1139705036473986,37.16698630118618,55.139406186255655
82.11923463070636,1.557502311557839,1362.3395902556183,2.374896739218718,5.9192954349076885,2.0789241563332594,50.17569921825941,46.92527693183221
70.14321077072219,1.4559055588129153,1030.3811320265024,2.7893599617189264,5.061234898353566,1.9856053935559312,33.10218680018834,40.081834726126964
73.17987535385163,1.5625912471842067,1020.683444795598,0.9922466388120293,4.051448538786868,2.7275168243795065,30.4371057215338,41.81707163077236
70.554828422002,1.4981315305091198,969.4772943381319,1.3411026744778085,4.091383364490262,2.18796216610321,26.72057917776463,40.317044812572576
67.50903844422248,1.2390343876634329,916.5540266525715,1.5218917821341802,4.875034125471603,1.6874163927655295,30.78587083506605,38.57659339669856
57.69724457833187,1.1728754520445421,713.8466166295493,2.748274139341892,5.897939133226133,1.543770098630624,24.111290668188076,32.969854044761064
68.1371342748642,1.4395020532437535,862.3812604447513,1.2686075270859765,5.364938542725262,2.430544725736096,31.112958740078646,38.9355052999224
61.26855133695004,1.1204817600166899,1094.3444672014596,1.2755197704342733,3.453513914015278,2.158861549032496,35.58604365199965,35.01060076397145
55.9931909626007,1.119386262062129,753.1670658883626,2.5394230477269812,2.5988919577839478,1.6991103626570956,27.914199408340316,31.996109121486118
76.6908656844543,1.5566503961536107,914.0665091834524,1.320565110832549,6.005362589615035,1.998388910997687,39.6262772279589,43.82335181968817
75.0655863018192,1.4771428920351743,938.8038102724174,1.9173987320380825,5.190226059720356,2.5134092044549567,32.93448415118462,42.89462074389668
50.87889316464047,0.9207941420498109,849.2691414907481,0.9078528286302655,4.7058292231124135,1.3476606745615254,27.83416072143001,29.073653236937414
68.48315544422512,1.3458017161389337,1059.6213753843483,1.4151796248932782,4.2850967635288715,2.0919225847706655,46.507236819480525,39.133231682414355
83.6210008001063,1.643141667150542,1267.4839354562032,0.8532555944359823,6.035196549383084,3.261705075768951,37.869535536150984,47.78342902863217
84.57491359499478,1.6780368988525107,1107.7552356270696,1.0477890613116223,6.578136495262714,2.3801169124336976,42.83613443250721,48.32852205428273
84.0721949773264,1.6310884912295287,1277.2921101265908,1.9951957215816518,5.348302175566241,2.0322056644949384,31.42714233050181,48.04125427275794
70.48809697582004,1.3764608572490311,861.7481802054295,1.474767474277197,4.701828964349801,2.1438347933908037,44.63467857836561,40.278912557611456
60.195523952007036,1.2013337675605877,788.1414108062096,1.3458001021884587,4.482673021081323,1.6593083932939658,29.005197345393437,34.397442258289736
57.68414468292462,1.1815587010719621,940.6729364281811,1.1629223581284012,4.707945974702488,1.390666271353764,35.682483025157815,32.96236839024264
74.44274607792289,1.4645971701243694,1193.4285084711998,1.3916019459483049,5.224428592129034,2.3373924711840868,35.9531678957516,42.538712044527365
74.90511327915117,1.4653501285782107,862.0587820356513,1.661673348550279,6.126960259582888,2.506591530175027,40.52331689866176,42.80292187380067
88.09098070689768,1.7706215352928039,1036.9503883166678,2.095089756644705,5.526388526587433,2.2634387452640143,46.19132245047278,50.337703261084386
85.1926664518733,1.5360871782161611,1191.256629404383,0.6145137811615088,4.705872087351147,2.1845530214144655,37.7822672402818,48.681523686784736
68.36654261111238,1.4029844307243566,1276.084849682675,1.1305647315049845,6.693904196162605,1.6903213581160417,40.79510689473522,39.0665957777785
56.05431196916092,1.1210521755690046,546.0455037921427,1.5833582763491858,3.8503353320363036,1.6537512849128722,26.30894142506205,32.0310354109491
66.12278024918233,1.3252911955259894,953.0357852160909,1.450426579542594,4.382939985000022,1.7548436253972555,37.87860566181543,37.78444585667561
72.7686750017207,1.5328127720555116,780.5568909999998,1.7204541832381195,5.094849167055078,1.757648352406731,33.89812052255368,41.58210000098325
67.51905365868555,1.2153250158422289,826.8119384575554,1.642816937826116,4.917941899528436,2.6176473945509304,35.98141178628888,38.582316376391745
63.13671155530428,1.1351558394970689,811.3224229963222,1.352329571380936,4.355821852438407,1.9912758114921123,30.13341889024891,36.0781208887453
73.2334391531895,1.486469397564684,931.6910298052951,1.2540361899401296,5.15814256842208,2.26282805944908,36.490019288442035,41.84767951610828
63.97580713285141,1.2790248638277568,797.6139258786993,1.3798980826655776,4.644673144009169,2.146714377437234,27.6500337954918,36.557604075915094
62.57359216112228,1.2630168689323358,859.2572252779046,2.2165836727090378,4.724158885984312,2.0745168929984983,33.44779129819317,35.75633837778416
74.00335675425362,1.4436155272454283,922.3912587976109,1.1695595916213393,3.6042628862296,1.9546124576319752,36.744055753738124,42.287632431002066
65.15132334794424,1.3505860332370339,688.148024930697,1.4683138041053072,6.359985534352698,1.9777791081278822,30.476549740578683,37.22932762739671
73.11870679926817,1.5378526752842667,1152.6066333055373,1.596462473825654,5.0484118777601275,1.981245980792807,35.852953334480944,41.78211817101038
73.49963767085686,1.5088888101200022,1153.03938182751,2.5494784852507397,5.679795765601386,2.221919628759052,37.07391171174941,41.999792954775344
57.112943632991495,1.1262947738636269,910.5346553105688,1.3544272889236848,3.4594750764936215,1.811283681447056,27.28310217784809,32.63596779028085
64.23584816998876,1.1466057378539931,669.0608929670088,2.077989055344821,4.354714212902839,1.7661405015587277,32.16060752156158,36.70619895427929
90.4895902085879,1.8864944803692445,1309.0406135238993,2.2801987784812505,5.456190572586245,1.9691826171732785,36.252106917947486,51.70833726205023
56.88240915681416,1.2151754424776122,880.1846610242263,1.4678409273279618,5.38636631463239,1.7513847164084988,43.246153114623326,32.504233803893804
47.96782702893064,0.9933108040223189,547.2084750474619,1.3963107304099238,3.4358465842242,1.4589223899732624,31.11421809427846,27.41018687367465
50.20080479914441,0.9574727051873775,689.5968425292909,1.3412567136906826,4.387487356738504,1.1593823709743103,28.46709979266279,28.686174170939662
70.36481273676723,1.4594048683282896,945.174881808761,1.375064881524299,4.533626396340589,2.173879074802113,42.21285010697439,40.20846442100985
70.38752522589657,1.4746605468212604,1341.3092756817325,2.0054216181756486,4.67732930398618,2.3359034575287594,25.78167783813914,40.22144298622661
68.54523000163077,1.4912066488946678,1325.5509038002256,1.6225424726748114,4.736267435975812,2.9246515194049723,23.0860288319319,39.16870285807473
86.94793832671621,1.6586616176391855,885.8506521026694,1.62490474108335,7.1923417785490225,2.213381286104049,38.68512991761506,49.68453618669498
43.43280802402383,0.8581060792406981,929.8156253459267,1.0232236207895498,2.6003538256688223,1.2851291014403874,19.719200662961182,24.81874744229933
75.12819967141051,1.5643905102915658,874.9833651454543,1.079586134864491,4.290977418917096,1.7727078302882093,35.56408557361266,42.93039981223458
92.50999055119804,1.8559404090067724,1511.519352161664,3.1083924674437524,4.543648326628334,2.547017930932618,44.551989689196226,52.86285174354174
57.23186167851679,1.0776642688874671,933.4130016806813,1.4120114622326168,3.6261306605695123,1.7749618592678853,34.75723869728976,32.703920959152455
65.40994533925125,1.3377970842888172,750.9318478601767,1.1526804996157944,4.185086865882359,1.6741143362104547,27.835241301200288,37.37711162242928
61.194270059502905,1.2627041066956604,916.5099946381746,2.4398855731942075,3.5109334739261087,1.7593300188859506,33.68570128750819,34.96815431971594
59.667919439268665,1.1990361753118477,802.7397568490744,1.6508045059531855,3.954055236422399,1.3016580859293885,31.119200937384914,34.09595396529638
66.03834779906592,1.3365097485243587,999.9034384458532,1.8257709874467294,3.4916259182745955,2.2132541776138352,35.37661838648762,37.73619874232338
90.32344562087277,1.7814259020584629,1290.8104830587158,1.4312347890976367,5.161680646731844,2.146168964876779,39.06243737316111,51.613397497641586
97.18262570750872,2.1050472270443388,1650.2082885602356,1.3459980495998545,7.716953370565548,2.5441452461651126,55.58599374171496,55.532928975719265
65.92432992531005,1.255937851329785,916.3601679730808,1.4159718737400677,5.091758666086745,1.5293262990925207,32.92243891823972,37.67104567160575
98.36413061186143,1.9059126375810027,1309.155402735932,0.937460035916022,6.645361612790689,2.356372851724428,59.63290184866979,56.208074635349384
70.44611056299723,1.4097576481537273,1174.9807222464863,1.455828531708401,4.294054513288069,1.923498462521785,31.074521656082293,40.2549203217127
95.7410032781155,2.007826168907262,1456.402010498087,1.6588062490017432,4.972131555970564,2.5250057008589004,49.72416184857888,54.70914473035172
68.84345631717498,1.2699948865416752,1075.9410730069417,2.813725007823695,4.131430616746913,2.1292027626542915,34.244046969698914,39.33911789552856
71.65750187832154,1.335319141289128,872.7617560466739,1.544498899901654,5.054232283690153,2.5496763480310203,33.83840761967347,40.94714393046945
74.72068324411376,1.3388040077074668,850.2628153898797,0.6784041529330421,6.015173817032748,2.3555852539230537,40.57996819435269,42.69753328235072
123.48673530361344,2.4740957990066184,1530.2636531653932,1.4528335462912358,8.814692415174626,3.559035576512626,51.12356110550316,70.56384874492196
81.49215760712788,1.5343996916798026,1000.3313691575078,3.8065705507731415,6.185205389207952,2.810952602015726,25.859108080528998,46.566947204073074
61.69488993213728,1.2085575115745937,973.6271498689208,2.013705478184929,4.052212341361747,1.988949210896384,19.7110193224153,35.254222818364156
83.22321426047107,1.724939105184601,1358.6447231845418,1.1386149297298491,5.714770633447303,2.2640935729894984,48.63295840340271,47.5561224345549
65.62021971524224,1.2677488627520312,875.3473343611901,1.8338271215566437,4.529799423304121,2.2314490256825144,40.425851758701725,37.49726840870985
64.13831992552016,1.2988758161757914,1135.689257013031,1.165588379474899,4.537401572405437,2.215597249107106,44.04426892379054,36.650468528868664
82.33048894967803,1.6202265949787302,1441.6492875546312,0.94672511073629,7.767953855283605,2.5001628803912457,39.42061687430131,47.045993685530306
70.38964072465336,1.459787466718767,1008.2255371072526,1.3324786693715092,3.8105910266460974,1.599367924514094,28.70774983811463,40.22265184265906
73.57017549581592,1.5096154585304122,871.2378168361149,1.5474036929609778,5.0028655692086055,1.819818179727679,34.0209453512669,42.04010028332338
70.17502943955871,1.352063998224453,1275.0503336051715,0.7937767273628071,6.055660241043911,1.9193672002480422,35.12838123975884,40.10001682260498
74.33618874815933,1.473255126238081,1008.4202235212783,1.0149317384798813,4.158065211282784,2.363782414343561,31.27400221006437,42.477822141805326
75.51868776929777,1.5978808147761245,1059.2825668431403,1.5052794564879695,4.785458489083678,2.110066306340138,47.9578884007965,43.15353586817016
49.531893954316445,1.0118908089008276,639.3247630050553,1.305663364298409,3.550950850010406,1.843561670468679,38.34033235107478,28.30393940246654
78.84809493206254,1.4624587608678523,922.487630703097,1.7154522534510763,5.279101585130831,2.6866638210644047,41.243239978201665,45.05605424689288
58.74105805001515,1.2171274576449678,619.7563271596309,0.9925799640971852,3.414720600548216,2.1156106548505975,30.63460536485361,33.56631888572294
54.10616582384732,1.020608278131424,830.8054216607126,1.9121342553002805,4.524293305383445,1.991120520742597,23.55830896606819,30.91780904219847
69.27367188655032,1.4952031770192118,826.0153456784846,1.0030642283705988,5.506411963673487,1.68707690831121,44.2386193097271,39.58495536374304
71.05764730562035,1.5018978809025256,1682.8784486626937,2.621886564914923,5.475393880515105,2.18135069403391,35.821204282011124,40.60436988892591
61.846647701404486,1.2564337031987087,698.6563504886943,0.8371202212600842,3.976153712812293,1.6572654200705839,30.484103993905418,35.3409415436597
81.19796161187085,1.6377961576326305,889.6259695207948,1.0346504044762992,5.664825868108214,1.7268601902369747,42.18081020754694,46.39883520678334
55.082220731553804,1.0892882048753936,827.4585337661999,1.7286583875423405,3.6287629331724336,1.597430441999628,26.679936422331952,31.47555470374503
65.0937475058416,1.350424678199298,1173.0371609166325,2.6411183561794354,4.494589998158844,2.3303450942728468,33.914385693206015,37.196427146195205
63.058066805718205,1.2361794612540757,874.8282870118493,1.6695605330300458,6.476654429632384,1.9876251484621636,25.82183370688619,36.03318103183897
69.42008889289603,1.4061631143389925,1054.4746610000225,1.8163015443819204,5.043894421246727,2.725816739060858,41.234583336693255,39.66862222451202
73.57396397200637,1.5423672209566104,725.9872437885306,1.5089689155504962,4.309810935957337,2.134509943156376,35.742874542349256,42.042265126860784
58.47029095564297,1.1344866986599325,710.5047176356406,1.0581821895109225,4.493736628597146,2.5633999521423467,36.66270237101961,33.41159483179599
79.66483394245977,1.5411903363045836,901.9453353350996,1.269785641669024,4.458590688696913,2.26581707656489,37.36979426005557,45.522762252834156
70.79195672505867,1.3274682949255912,692.1416956923326,0.9935111999448638,4.179480832758504,2.0240567100401083,34.552001934133756,40.45254670003352
49.93169612495887,0.9428890103388875,699.2321825033446,0.9712047816153137,3.297237693815206,1.2706097827672724,22.47035998719614,28.532397785690783
49.34099909086755,0.8941076214678868,453.3653470043543,1.7195027080670986,3.5879553650624025,1.8306763691233958,30.3250041395724,28.194856623352884
69.8461818683521,1.4530350203081388,756.4472794840294,1.0239353711557426,5.7803115296111995,1.8457700740798175,30.4655814966157,39.91210392477263
67.29175792725302,1.483827716305992,838.4464343999649,1.672122690650211,5.314213570237069,1.7546470321111542,31.48818068817292,38.45243310128743
68.71914378855018,1.484260331127829,812.4266286588713,0.9636039915813953,5.351918134638835,2.4105514266046164,34.52423068043479,39.26808216488582
69.65110029089841,1.2760008374714211,1025.281034528319,1.659003591011039,4.194058660292346,2.3885902889588086,35.53707336429496,39.80062873765623
72.87697865234576,1.515678893045772,1055.5079395287448,1.2704141833149223,4.734664199966499,2.4609865917537537,27.61862483240045,41.64398780134044
82.9065633353124,1.7903821233553279,1333.757295180059,2.4196628377278575,5.923515834341518,2.1454845228735855,38.326165620927085,47.37517904874994
57.4025384019494,1.1200975003743259,900.434573452955,1.6744917703967082,3.9050792409784822,1.709776357194578,34.1589732412924,32.80145051539966
56.78202078652759,1.1418741556562602,954.6734540238307,2.2831488761644767,4.091480444975286,1.693540277192932,28.19565395036618,32.4468690208729
57.58508732964763,1.0334402876013449,789.4678517046924,1.1601989771847276,4.627898152957116,1.9527055407835479,29.187650994652145,32.90576418837007
73.70614962220513,1.4954938711006556,1067.1144047987752,1.528902876389475,4.921117413884284,2.651245365827913,37.317550088385126,42.11779978411722
87.42679496323184,1.6510119211514989,1313.6691065651714,1.0746076141624354,6.11995254396898,2.503038412345726,40.542898177542405,49.95816855041819
64.81079856613242,1.310254866813677,911.603825660925,1.3032545903283184,6.055641141210902,2.5715833467076212,28.114005338217247,37.034742037789954
44.78055917661796,0.8232523497387169,572.0842823345243,1.3721319955093094,3.481610373092082,1.6463318541526113,24.89377372328969,25.58889095806741
51.63595722250678,1.0634180304589154,667.3355796254862,1.1720071430572325,4.786690255335233,1.5344697155788047,32.54906802519193,29.506261270003876
60.32474218353861,1.27507212975559,714.9348319510062,0.9922984194302054,4.881413737532869,2.0366489916460937,26.555485427653334,34.47128124773635
63.36446680184874,1.2148484152326664,936.9483489027576,0.927702502564203,3.6879379542094486,2.424182920064375,30.6316596962368,36.20826674391357
65.07695498558012,1.224090786336329,877.6259898772661,0.6771205909054346,3.9837359047822227,2.5889648096691045,26.69240940784306,37.186831420331494
70.48391720890686,1.2548562818584346,858.6845505411488,1.0474640287390624,4.4110687153271755,2.420818207627358,40.76709935477478,40.276524119375345
66.20974261820179,1.3052945921473416,806.7473650738744,1.8566514821618514,4.194921467175505,1.92594247565078,33.08698315273,37.834138638972455
84.42577225453157,1.6363472882125436,932.7837867192715,0.8711627600128468,5.67367698375921,2.225006759458602,35.26158672263115,48.243298431160895
62.04009258964025,1.141181053786396,1013.3406002993172,0.9421292217854906,5.028471820104666,1.9992799321097492,32.43555364930982,35.45148147979443
60.01014755628699,1.2299037027216861,834.6314423900892,2.7573246922474963,5.421808431912946,2.315668810643877,25.82789026053276,34.29151288930685
76.2491776834629,1.4884017756940295,896.3912899031565,1.2081562640731838,5.594656803563425,2.282294453642352,31.743950703837925,43.57095867626452
53.2118001160636,1.0042185851992165,843.11064566932,1.6729709886871473,3.7962420647539643,1.7482871864547078,22.67182725315018,30.406742923464915
75.04450500179335,1.4566411732977291,931.1698447491763,1.8660307541266188,3.8025862575108382,2.124172628151232,31.20405656562044,42.882574286739064
71.29369261057043,1.5107303267550691,760.58756408804,1.8788941763744285,5.125469844504211,1.9262109517542245,43.884226175864605,40.73925292032596
68.18106401825916,1.408716159369854,1122.1048820723404,0.8940188140950478,4.922052422647794,1.9117537030091232,30.595173072545023,38.96060801043381
92.9543962557044,1.8460896656306733,1158.2195464219567,1.386689114486588,6.364802507334386,2.5270599973866745,46.57386185135822,53.116797860402514
62.639088387865236,1.2953408053492086,798.5612246964654,0.8653398008068108,6.396886446672057,2.4079184338904844,28.25039213359246,35.793764793065854
101.1289660763957,1.8997645767055542,1397.147631270575,3.4454802372040763,8.000964922414779,2.5384389856489213,51.944122515617224,57.78798061508326
67.238137895387,1.3471137253581766,1130.8303174647017,0.8722364227833562,5.485659732209038,1.9565679698135974,28.920137496310627,38.421793083078285
55.726856357584055,1.1234325796373332,766.9934286600596,1.0504972611604892,3.6248512830126653,1.4720551625492797,29.679716397389218,31.843917918619457
70.87945199919785,1.3821010818960813,784.6955575714242,1.0530856557561872,4.657597151219893,2.258475114889711,35.62277577909873,40.50254399954163
57.76097178846612,1.1826857937821202,872.9426580173013,0.9018493824300111,4.265054073627026,2.1445836972641454,43.62355840630331,33.006269593409215
61.20668546721818,1.173652505103366,769.7696272211223,2.3756335622207794,4.004343080953705,2.332080356468073,34.930253040602324,34.97524883841039
75.14295037578894,1.5447770245451113,1443.680952371122,3.417635619988903,5.70276705721995,2.177448720449508,33.63980164985762,42.93882878616511
77.30076814904871,1.5927460002648142,1059.9128743891042,1.2760119580029468,5.695711608471739,2.3571679666977823,41.97144414744394,44.17186751374212
62.63953294872151,1.0703242205510575,576.359131149695,0.9575303508390636,3.8796866941346133,1.7964042308514565,45.002844733835396,35.794018827840866
83.49721342039115,1.7807239194447324,1220.5598279777296,0.7012067451007036,6.882772295382735,2.479457314571133,30.9536088075732,47.71269338308066
86.07232917531671,1.4604032551228487,1670.4813539772588,1.380551559588737,5.9326603187107025,2.4530045842132306,35.819366412143836,49.18418810018098
90.46575665876635,1.7501578082083908,1643.8837608807091,1.3470543529386099,4.623411570370804,2.4464176781958833,40.8792314164427,51.694718090723626
76.9403948097557,1.626347197468091,1463.2527746851895,1.2020931507797652,5.324414424853514,2.1937501025651605,35.196988000201706,43.965939891288976
89.29617694242599,1.7556069851367386,1020.7583976058406,1.6172369892966096,6.271744008235846,2.5766418328608243,39.87929152858289,51.02638682424342
50.0311908632373,0.924508722480262,807.5177423206377,1.715663291410831,4.525955140814438,1.4847037043837956,22.182464437778833,28.589251921849886
66.13695115794852,1.2469315720246283,797.3081345293244,1.67412998889811,4.54503272086566,1.845244776566551,41.78520087940643,37.79254351882772
59.95994027313227,1.2675250512023468,855.9101574428353,1.3471645096697613,5.0678986708262235,2.326342182727706,24.941783424858837,34.26282301321844
71.50626380488475,1.2892702029684269,781.2660484060065,1.0314660932079858,5.231508968112114,3.1062404255691622,34.46605317182713,40.86072217421986
63.20941393489612,1.3435983960004863,772.6396173147841,1.88100755396067,3.7699163458436593,1.534322171727982,38.188211614178876,36.119665105654924
67.95358696699178,1.3550367483084773,825.9279951901043,1.506394458328357,3.9183098487555315,1.605992033267672,34.0684012077327,38.83062112399531
97.96297928510934,1.8371659827203062,1577.316156700086,2.0288157278321677,7.669335147412284,2.215302474726408,38.633055057745224,55.978845305776765
67.91037898846179,1.3161365372688225,1074.4981218329451,1.9621530937983185,5.8939294538937785,1.9236973487788127,27.701921456227584,38.80593085054959
75.3681605957339,1.4268536474654683,1085.9971058219585,0.9251060633053496,5.558910507940145,2.432176359099961,35.68613088661951,43.06752034041937
67.15608887701406,1.407392503386009,723.6565327470887,0.9211958936585579,6.125518267746492,2.126745574305754,30.136553060741097,38.37490792972232
70.9528193531039,1.4762638184551526,920.3965871938657,1.1602407830609256,5.959433865012645,2.07552928464561,36.5110178002296,40.54446820177366
70.07524707317826,1.2773396109277657,841.1549190628659,1.0474928907574899,5.569227284966345,2.174395091898239,28.12829647880875,40.042998327530434
75.83433396939927,1.4840131824676839,1214.73911861617,1.939062169091912,4.603544893630026,1.905706100271657,42.21009807232112,43.33390512537101
86.19229279243596,1.6453936529877986,1458.8500839717574,1.6902710039540445,7.663994065306916,2.250150896797553,41.65826886709064,49.25273873853484
93.94086766530415,2.014641390852864,1555.7907398871278,2.179554111275165,6.7802650019169866,2.4858865667419634,44.95635042304542,53.68049580874523
73.97914169932767,1.3756246116021194,886.5734077793442,1.716429624333433,4.906231579197673,1.6268180499349028,45.71354519929618,42.27379525675867
77.77102140048581,1.696065572954926,653.9406510200715,1.6102560154024412,4.873365289939905,1.8045574292515318,35.366762516398204,44.44058365742046
56.99643771748386,1.1378825886345925,570.1535159443386,2.25533772027355,4.461584651945826,1.4382853551070576,26.778562127031012,32.56939298141935
68.91014103373038,1.2944443856240837,1218.160386978769,1.7597004993681025,3.804131897989603,2.227742704090222,31.748145917433234,39.377223447845935
82.79767252554535,1.5965271828949223,1056.996934621434,1.53513029961473,6.327407624879722,2.3572192367623366,38.51852225095704,47.31295572888306
81.70610316210119,1.564943600203533,979.9603075743405,2.4811655592381743,4.836274487214574,2.471376914392771,38.74818283964931,46.68920180691496
72.69566588423477,1.3572756127750898,1336.814467963004,1.5598966223304715,5.450958021410411,1.5426697824131939,31.615696386888462,41.54038050527701
82.0046530677972,1.648506799716664,1409.6967696278798,1.3525719784912762,5.188766641057912,1.7853704080077535,28.71365000902741,46.85980175302697
76.41125500180532,1.4302479471507807,1052.5107512744685,1.1282373334769031,5.123167457185573,2.3695272220273425,34.23568283862527,43.6635742867459
86.7326484832601,1.5421126047834626,1128.7615095004362,1.904940339633076,5.215867906688222,1.5203434313597204,43.48539545741522,49.56151341900578
73.7119736768611,1.4443431330590597,987.339913323323,2.2841329494063904,5.068030003812254,2.518336257220331,37.16732149241999,42.121127815349205
65.69213750308785,1.1920480341584616,938.2168233317868,1.4744256012640125,6.408063631547295,1.4334657501999855,40.26508507841916,37.53836428747877
74.32634182725444,1.427400978143683,1356.4403754115378,2.339825338990954,6.496265459808294,2.3872421539174695,49.72113315220957,42.47219532985968
41.47901638081359,0.7898666382609186,613.4289650925523,0.7678051405016866,3.569573100223134,1.1753557571757838,26.62180395235584,23.702295074750623
74.95335718099658,1.4302247285113052,1170.2221900977727,1.4719887215142806,5.242280038176661,2.48088815687753,45.74308434671455,42.83048981771233
36.488930916679344,0.8129865675545084,616.6120761663367,1.4796939777120441,3.50072892162538,2.027342177142575,24.209890538213507,20.850817666673912
51.45674117930443,1.0322722904492658,572.6724628280318,1.1715545755466847,4.737472752347921,1.1123749821359545,36.31365374653169,29.403852102459677
75.8809925315945,1.5378473444453786,1190.820356398613,3.3730986531273723,4.664798149768852,2.3690809344037413,49.67872758702961,43.360567160911145
76.23085056176556,1.3852595873965312,991.8818671821135,1.4666247445259468,5.265990097006702,1.606499484279173,43.3017503947908,43.56048603529461
56.87886164537664,1.0981340933404822,497.7361589414735,1.3058597382803678,3.217346525667148,1.8299220084714272,33.456413319354795,32.50220665450094
61.641619651225504,1.247238815549193,578.1043485967722,1.513296881522238,5.418806241130532,1.7601717552241096,30.810432118932994,35.223782657843145
89.40965675681305,1.6920171466062897,1022.3554255452503,0.7592920051866049,8.299862721264724,2.4522669835246087,41.78040170795165,51.0912324324646
64.20386508558725,1.3485637137918105,968.124230416245,1.1585353407803587,4.745277282888234,1.6251683931733878,31.11345710417556,36.68792290604986
104.48117274188871,1.9583172130129165,1462.2999513072427,2.0953203540280767,4.84128759360868,3.051745820119475,52.09037240066545,59.70352728107927
69.97600653764962,1.378060255065393,991.7908810743035,1.2112613110030344,5.49860366392492,1.5938774335703056,31.25972184384534,39.98628945008549
75.29073270694441,1.4589402204853328,1462.8901413941871,1.1316744355954533,4.583952528785089,2.565503289812249,35.876388919358696,43.02327583253967
93.43030173844238,1.8852483711345653,1021.5089592430486,2.341106289205538,5.596492690896283,2.329433414085711,30.060714844871004,53.3887438505385
71.65710892631232,1.384457091680309,977.9237641425433,2.365689417668349,5.612900560375019,1.6341506798874956,46.64761430461957,40.94691938646418
58.52825571487039,1.153578704338283,847.5160988960512,1.788201190374451,4.549628757892529,2.24470311701025,29.56515925096642,33.44471755135451
68.64179017373507,1.3554544504921793,825.3978104301175,1.2849927794837255,4.564623145668271,1.950157893140784,37.03885864391807,39.22388009927719
69.55628898264378,1.3370761577889556,958.7521581744086,1.3827297405088101,4.495073239478123,2.6831514501538876,43.7624095431168,39.74645084722501
54.860706337144656,1.1263140044909705,565.4021124712781,1.1412263055515475,4.247635158054875,2.016896959615824,30.556622348649046,31.348975049796945
66.87412129083873,1.3547984024235717,1179.6969850561395,1.0696197341727662,4.53161942051374,1.7056497650875266,42.401243953106665,38.21378359476499
61.311301789262494,1.2203766234583777,744.4817522290278,1.0517206032150697,3.805334514725654,1.78683324735335,26.090542783379487,35.03502959386428
82.5624579909511,1.613336244889012,1627.392364721972,1.215754020803558,5.371862172076647,2.306863636306255,57.65166155375275,47.17854742340063
70.43397752821008,1.4705475978608238,960.3664981304482,1.055192661614499,5.297483220345943,2.5515582018803347,41.68559084312323,40.24798715897719
66.55290806540278,1.3142267317280183,1096.646064798825,0.8815277254231357,4.681809959208526,2.0621745320452725,34.821057920227204,38.03023318023016
68.68526195794381,1.3511580561651486,933.0460489190684,1.6161529019688081,3.9509349813313523,2.0269311612752188,43.12936411859383,39.24872111882503
72.8452611504287,1.4651587854516404,993.5512920696002,1.6245213720291036,6.01432409101326,1.9971885692270677,30.032980258108974,41.625863514530685
78.1506152718614,1.7128590316575494,965.6366078841942,2.6741469695472753,3.5371520392648947,2.15510660705743,36.33481641855586,44.657494441063655
58.55576719172696,1.089403202986782,820.3156750208016,1.1951491765044229,4.078294479668554,2.145722397062726,38.38008612380055,33.46043839527255
58.11954548689639,1.211695994790966,843.6385523721557,1.6588443192758637,3.946619968155349,1.7406041824231655,22.727842322119816,33.21116884965508
85.2641890734826,1.5396801561071662,1016.529712202437,1.6682384100088195,5.933283330635785,2.179859225080579,44.30176183812819,48.72239375627577
65.03109018244417,1.3159603081461555,872.1615729836393,1.3759933267772342,5.166192540727585,1.7324889306936753,35.99681792565657,37.160622961396676
54.35268090940711,1.1834850281517149,668.4679358345703,1.9318786504466656,4.93358732187396,1.5169654592048374,39.403401212525,31.058674805375496
75.77326797654926,1.555958031771858,1566.8583154418693,1.9522753410178026,4.74626754627898,1.704217729104398,28.991307284468512,43.299010272313865
76.03834999015439,1.5348334303547864,1026.2358804796881,1.676594780764371,5.831744553403143,1.8922058048189818,47.912214078320666,43.450485708659656
53.2586346670046,1.033441707909427,962.4917776038691,1.3751506259387405,4.200019207931768,2.059993171880067,26.121773104101106,30.433505524002626
72.92803357238543,1.4610062878144465,965.8219057705232,1.3283356622261595,3.944229044862486,1.9967888765726303,33.65320576049901,41.6731620413631
79.82575045258922,1.5749470448294418,1146.632207488685,0.942247390599845,7.429468820432779,2.464345496652674,31.89895838849763,45.61471454433669
74.83968734018396,1.4346393210605566,810.6482944284144,1.1405406922249266,4.196947124199406,1.426568567434407,31.037609811049894,42.76553562296226
78.36256349438528,1.5429272308650732,992.2270067153866,1.2141213663755877,5.810942072504252,2.379158255288493,40.575003516358706,44.778607711077306
54.474846420550094,1.1012224067401437,775.7045069070292,1.0236591131068278,4.403561346471024,1.615787593767475,24.36531869347525,31.128483668885767
74.26264778064913,1.4250195475192597,1351.88360297668,1.7419624159209934,5.457111840877919,1.938896608679644,41.08174970708051,42.4357987317995
66.31773292975797,1.269885568341824,946.2759014038246,2.252960810688686,4.4437130890375265,1.9757449581686148,30.296780828059827,37.895847388433126
64.21808256922778,1.1934665539080984,1127.55824288995,1.101617459427301,5.334926245446434,1.7347699128084937,27.134516678464248,36.69604718241587
81.7730545637062,1.6703088876290315,1257.396922010648,1.6517210914515565,4.400742958608962,1.6116739439494892,36.20930929614443,46.727459750689256
91.16261750525283,1.8777005840047072,1671.8451984924702,1.0554114384213953,6.0330071394502385,2.816865074981727,44.9777161191152,52.0929242887159
96.43899158208222,1.9530419866847986,1308.7210545641597,1.3523046057491992,5.821061597792813,2.6419036404749634,42.61659631012349,55.10799518976127
88.52425620193593,1.8651376587075146,1860.3680805802442,1.1862479552049778,5.362886234294999,2.2707038479893162,41.96303859991454,50.585289258249105
68.64170768387355,1.3793587636314475,863.2139818149469,1.8405652967170065,5.2690825843544165,1.6941955872654004,38.460568628334926,39.22383296221346
74.55070057745317,1.5228896508975862,891.6312566058941,1.1909111874647207,6.204906913233614,1.665789978053236,43.46796846377773,42.60040032997324
80.27229436296429,1.6319845806261872,886.9485870746713,2.1156617866613465,5.250918124170546,2.2953640431942346,36.94771855146797,45.869882493122454
71.5311937038802,1.4235746414842811,1487.4460315028125,1.3797952246189438,5.742367179108704,2.6167624009263344,30.208349053478095,40.87496783078869
71.65374468067716,1.3926089017206584,1137.5246134712695,1.2027849355945819,5.1281078763540595,2.101103561260442,36.04514678163546,40.94499696038695
81.09249388444158,1.8276749024270014,1047.7135465154806,0.9796284694930829,4.855025764449075,1.7986139762431368,42.07034560401949,46.338567933966615
